7173,1.0,0.0,0.0,0.47058823529411764,0.48305084745762716,1.0252469906606678,1.0210789388278794,-0.3556202039945009,1.0,0,-0.592393312150945,1.0,0
3597,0.0,0.0,1.0,0.5882352941176471,0.5847457627118644,-1.8780149885508182,-0.758514876915882,-0.3556202039945009,0.0,0,-0.9945458102970345,0.0,1
3841,0.0,0.0,1.0,0.823529411764706,0.8220338983050848,-0.15446315781802844,-0.18829384955230133,-0.3556202039945009,0.0,0,-0.9847372127812762,0.0,1
6612,0.0,0.0,0.0,0.5882352941176471,0.6101694915254237,-0.15446315781802844,-0.18829384955230133,-0.3556202039945009,2.0,1,1.7028185065364927,1.0,0
7038,0.0,0.0,0.0,0.6470588235294118,0.6610169491525424,1.0252469906606678,1.0210789388278794,-0.3556202039945009,2.0,0,-0.20985800903637208,1.0,0
3100,0.0,0.0,0.0,0.8823529411764705,0.8728813559322035,-1.8780149885508182,-0.758514876915882,-0.3556202039945009,0.0,0,-1.112248980486134,0.0,1
7229,0.0,1.0,0.0,0.5882352941176471,0.5593220338983051,-0.8825951953574457,-1.9002885667362512,2.6984892401896214,1.0,0,-0.9160770301709683,0.0,1
6834,1.0,0.0,0.0,0.6470588235294118,0.6355932203389831,1.0252469906606678,1.0210789388278794,-0.3556202039945009,1.0,0,-0.8866512376236935,0.0,1
10486,0.0,0.0,0.0,0.7647058823529412,0.7372881355932204,1.0252469906606678,1.0210789388278794,-0.3556202039945009,2.0,0,0.23152887917275053,1.0,0
10203,0.0,0.0,0.0,0.5882352941176471,0.5847457627118644,-0.15446315781802844,-0.18829384955230133,-0.3556202039945009,2.0,0,0.19229448910971741,1.0,0
6442,1.0,0.0,0.0,0.823529411764706,0.8220338983050848,1.0252469906606678,1.0210789388278794,-0.3556202039945009,2.0,0,0.36884924439336647,1.0,0
5515,0.0,0.0,1.0,0.0,0.016949152542372947,-0.15446315781802844,-0.18829384955230133,-0.3556202039945009,0.0,0,-0.974928615265518,0.0,1
10919,0.0,1.0,0.0,0.9999999999999999,1.0,1.0252469906606678,1.0210789388278794,-0.3556202039945009,2.0,1,2.242291369903198,2.0,0
4804,1.0,0.0,0.0,0.9999999999999999,1.0,-0.15446315781802844,-0.18829384955230133,-0.3556202039945009,0.0,0,-0.9651200177497596,0.0,1
13484,0.0,0.0,0.0,0.7058823529411765,0.6864406779661016,-0.15446315781802844,-0.18829384955230133,-0.3556202039945009,2.0,1,1.192771435717062,2.0,0
11701,0.0,0.0,0.0,0.5882352941176471,0.5593220338983051,1.0252469906606678,1.0210789388278794,-0.3556202039945009,2.0,1,1.2320058257800952,2.0,0
4030,0.0,1.0,0.0,0.5294117647058824,0.5169491525423728,-0.8825951953574457,-1.9002885667362512,-0.3512145005915733,1.0,0,-0.90626843265521,0.0,1
6934,0.0,0.0,0.0,0.823529411764706,0.7966101694915255,1.0252469906606678,1.0210789388278794,-0.3512145005915733,1.0,0,-0.90626843265521,0.0,1
4668,0.0,0.0,1.0,0.8823529411764705,0.8728813559322035,-0.8825951953574457,-1.9002885667362512,2.6984892401896214,0.0,0,-0.9356942252024848,0.0,1
6152,0.0,0.0,1.0,0.47058823529411764,0.4576271186440678,1.0252469906606678,1.0210789388278794,-0.3556202039945009,2.0,0,0.4375094270036744,1.0,0
3943,1.0,0.0,0.0,0.6470588235294118,0.6355932203389831,-0.8825951953574457,-1.9002885667362512,2.6984892401896214,0.0,0,-0.9356942252024848,0.0,1
4148,1.0,0.0,0.0,0.05882352941176472,0.06779661016949157,-0.15446315781802844,-0.18829384955230133,-0.3556201875650083,0.0,0,-0.9553114202340014,0.0,1
7452,0.0,0.0,0.0,0.6470588235294118,0.6355932203389831,-0.15446315781802844,-0.18829384955230133,-0.3556202039945009,2.0,1,2.065736614619549,1.0,0
5069,1.0,0.0,0.0,0.5294117647058824,0.5169491525423728,-0.15446315781802844,-0.18829384955230133,-0.3556202039945009,1.0,0,-0.700287884824286,1.0,0
11972,0.0,0.0,0.0,0.9999999999999999,0.9745762711864407,1.0252469906606678,1.0210789388278794,-0.3556202039945009,2.0,1,1.791095884178317,2.0,0
8224,0.0,0.0,1.0,0.6470588235294118,0.6610169491525424,-0.15446315781802844,-0.18829384955230133,-0.3556202039945009,1.0,0,-0.6218191046982199,1.0,0
26890,0.0,1.0,0.0,0.0,0.0,-0.8825951953574457,-0.758514876915882,-0.3556202039945009,2.0,0,-0.22947520406788866,1.0,0
4804,1.0,0.0,0.0,0.9999999999999999,0.9745762711864407,-0.15446315781802844,-0.18829384955230133,-0.3556202039945009,0.0,0,-0.9651200177497596,0.0,1
10262,0.0,1.0,0.0,0.7647058823529412,0.7796610169491525,1.0252469906606678,1.0210789388278794,-0.3556202039945009,2.0,0,0.5748297922242903,1.0,0
5583,0.0,0.0,1.0,0.823529411764706,0.7966101694915255,1.0252469906606678,1.0210789388278794,-0.3556202039945009,1.0,0,-0.6512448972454947,1.0,0
9845,0.0,0.0,1.0,0.17647058823529405,0.1694915254237288,1.0252469906606678,1.0210789388278794,-0.3556202039945009,2.0,0,0.4963610120982241,1.0,0
4804,1.0,0.0,0.0,0.9411764705882352,0.923728813559322,-0.15446315781802844,-0.18829384955230133,-0.3512145005915733,0.0,0,-0.9455028227182432,0.0,1
5228,0.0,0.0,0.0,0.47058823529411764,0.4576271186440678,-0.8825951953574457,-1.9002885667362512,-0.3512145005915733,0.0,0,-0.9455028227182432,0.0,1
8085,0.0,0.0,1.0,0.8823529411764705,0.8728813559322035,-0.15446315781802844,-0.18829384955230133,-0.3556202039945009,2.0,1,1.5556895438001184,1.0,0
14781,0.0,1.0,0.0,0.6470588235294118,0.6355932203389831,-0.15446315781802844,-0.18829384955230133,-0.3556202039945009,2.0,1,0.8004275350867308,1.0,0
17024,0.0,1.0,0.0,0.0,0.016949152542372947,1.0252469906606678,1.0210789388278794,-0.3556202039945009,2.0,0,0.005931136310310085,1.0,0
8479,0.0,0.0,1.0,0.823529411764706,0.847457627118644,-0.15446315781802844,-0.18829384955230133,-0.3556202039945009,2.0,0,-0.415838556867296,1.0,0
3384,0.0,0.0,1.0,0.17647058823529405,0.1694915254237288,-1.8780149885508182,-0.758514876915882,-0.3556202039945009,0.0,0,-0.9651200177497596,0.0,1
9646,0.0,0.0,0.0,0.823529411764706,0.7966101694915255,1.0252469906606678,1.0210789388278794,-0.3556202039945009,1.0,0,-0.5139245320248788,1.0,0
10972,0.0,1.0,0.0,0.17647058823529405,0.14406779661016955,-0.8825951953574457,-0.758514876915882,-0.3556202039945009,2.0,1,0.8004275350867308,1.0,0
3807,0.0,0.0,1.0,0.2941176470588235,0.2627118644067796,-0.15446315781802844,-0.18829384955230133,-0.3556202039945009,0.0,0,-0.974928615265518,0.0,1
5198,0.0,1.0,0.0,0.5882352941176471,0.6101694915254237,-0.8825951953574457,-1.9002885667362512,2.6984892401896214,1.0,0,-0.9160770301709683,0.0,1
12557,0.0,1.0,0.0,0.17647058823529405,0.1694915254237288,1.0252469906606678,1.0210789388278794,-0.3556202039945009,2.0,0,-0.2490923990994052,1.0,0
12192,0.0,0.0,0.0,0.8823529411764705,0.8728813559322035,1.0252469906606678,1.0210789388278794,-0.3556202039945009,2.0,0,0.143251501530926,1.0,0
10151,0.0,0.0,0.0,0.6470588235294118,0.6610169491525424,-0.15446315781802844,-0.18829384955230133,-0.3556202039945009,2.0,0,-0.11177203387878928,2.0,0
5000,1.0,0.0,0.0,0.9999999999999999,1.0,1.0252469906606678,1.0210789388278794,-0.3556202039945009,1.0,0,-0.8866512376236935,0.0,1
7451,1.0,0.0,0.0,0.05882352941176472,0.0423728813559322,1.0252469906606678,1.0210789388278794,-0.3556202039945009,2.0,0,-0.32756117922547145,1.0,0
11399,0.0,1.0,0.0,0.5882352941176471,0.5847457627118644,1.0252469906606678,1.0210789388278794,-0.3556202039945009,2.0,0,0.025548331341826647,1.0,0
5192,0.0,0.0,1.0,0.6470588235294118,0.6355932203389831,-0.15446315781802844,-0.18829384955230133,-0.3556202039945009,2.0,0,0.12363430649940944,1.0,0
13364,0.0,1.0,0.0,0.2941176470588235,0.2627118644067796,-0.15446315781802844,-0.18829384955230133,-0.3556202039945009,2.0,0,0.16286869656244257,1.0,0
7408,0.0,0.0,0.0,0.7647058823529412,0.7796610169491525,1.0252469906606678,1.0210789388278794,-0.3556202039945009,2.0,0,-0.26870959413092177,1.0,0
13843,0.0,1.0,0.0,0.05882352941176472,0.0423728813559322,1.0252469906606678,1.0210789388278794,-0.3556202039945009,2.0,0,0.5454039996770155,1.0,0
6674,1.0,0.0,0.0,0.7647058823529412,0.7796610169491525,1.0252469906606678,1.0210789388278794,-0.3556202039945009,2.0,0,-0.023494656236964756,1.0,0
12681,0.0,1.0,0.0,0.2941176470588235,0.2627118644067796,-0.15446315781802844,-0.18829384955230133,-0.3556202039945009,2.0,1,2.1049710046825822,1.0,0
9315,0.0,0.0,0.0,0.7058823529411765,0.6864406779661016,1.0252469906606678,1.0210789388278794,-0.3556202039945009,2.0,0,0.08439991643637633,1.0,0
2227,1.0,0.0,0.0,0.5882352941176471,0.6101694915254237,-1.8780149885508182,-0.758514876915882,-0.3556202039945009,0.0,0,-1.082823187938859,0.0,1
12744,0.0,0.0,0.0,0.823529411764706,0.847457627118644,-0.15446315781802844,-0.18829384955230133,-0.3556202039945009,2.0,1,1.016216680433413,2.0,0
4423,1.0,0.0,0.0,0.4117647058823529,0.3813559322033898,-0.8825951953574457,-1.9002885667362512,2.6984892401896214,0.0,0,-0.9356942252024848,0.0,1
6416,1.0,0.0,0.0,0.823529411764706,0.8220338983050848,1.0252469906606678,1.0210789388278794,-0.3556202039945009,2.0,0,0.2021030866254757,1.0,0
6769,1.0,0.0,0.0,0.7647058823529412,0.7372881355932204,1.0252469906606678,1.0210789388278794,-0.3556202039945009,1.0,0,-0.592393312150945,1.0,0
4995,0.0,1.0,0.0,0.5882352941176471,0.5593220338983051,-1.8780149885508182,-0.758514876915882,-0.3556202039945009,0.0,0,-1.1024403829703755,0.0,1
3850,1.0,0.0,0.0,0.9999999999999999,1.0,-1.8780149885508182,-0.758514876915882,-0.3556202039945009,0.0,0,-0.9945458102970345,0.0,1
13062,0.0,0.0,0.0,0.17647058823529405,0.1694915254237288,1.0252469906606678,1.0210789388278794,-0.3556202039945009,2.0,0,-0.1510064239418224,1.0,0
10493,0.0,0.0,0.0,0.7647058823529412,0.7372881355932204,1.0252469906606678,1.0210789388278794,-0.3556202039945009,2.0,1,2.727816946933233,3.0,0
13542,0.0,0.0,0.0,0.17647058823529405,0.1694915254237288,1.0252469906606678,1.0210789388278794,-0.3556202039945009,2.0,0,-0.023494656236964756,1.0,0
10975,0.0,0.0,0.0,0.6470588235294118,0.6355932203389831,1.0252469906606678,1.0210789388278794,-0.3556202039945009,2.0,1,1.5164551537370852,2.0,0
10368,0.0,1.0,0.0,0.9999999999999999,0.9745762711864407,1.0252469906606678,1.0210789388278794,-0.3556202039945009,2.0,1,1.4281777760952608,2.0,0
7591,0.0,0.0,0.0,0.0,0.016949152542372947,-0.8825951953574457,-0.758514876915882,-0.3512145005915733,0.0,0,-0.9455028227182432,0.0,1
13731,0.0,1.0,0.0,0.7058823529411765,0.7118644067796611,-0.15446315781802844,-0.18829384955230133,-0.3556202039945009,2.0,0,0.4473180245194327,1.0,0
8586,0.0,1.0,0.0,0.5294117647058824,0.5169491525423728,-0.15446315781802844,-0.18829384955230133,-0.3556202039945009,2.0,0,0.16286869656244257,1.0,0
4319,0.0,0.0,1.0,0.5882352941176471,0.5847457627118644,-0.8825951953574457,-1.9002885667362512,3.061639402274888,0.0,0,-0.9258856276867266,0.0,1
11560,0.0,0.0,0.0,0.05882352941176472,0.06779661016949157,1.0252469906606678,1.0210789388278794,-0.3556202039945009,2.0,0,-0.31775258170971316,2.0,0
3175,1.0,0.0,0.0,0.823529411764706,0.847457627118644,-1.8780149885508182,-0.758514876915882,-0.3556202039945009,0.0,0,-1.0926317854546173,0.0,1
11622,0.0,0.0,0.0,0.05882352941176472,0.06779661016949157,1.0252469906606678,1.0210789388278794,-0.3556202039945009,2.0,1,1.1044940580752376,2.0,0
10067,1.0,0.0,0.0,0.05882352941176472,0.06779661016949157,-0.8825951953574457,-0.758514876915882,2.6984892401896214,0.0,0,-0.9356942252024848,0.0,1
4405,0.0,0.0,0.0,0.17647058823529405,0.19491525423728817,-1.8780149885508182,-0.758514876915882,-0.3556202039945009,0.0,0,-1.0043544078127928,0.0,1
8033,1.0,0.0,0.0,0.05882352941176472,0.06779661016949157,-0.8825951953574457,-0.758514876915882,2.6984892401896214,1.0,0,-0.9160770301709683,0.0,1
12835,0.0,0.0,0.0,0.17647058823529405,0.19491525423728817,-0.15446315781802844,-0.18829384955230133,-0.3556202039945009,2.0,1,2.320760150029264,2.0,0
3419,0.0,0.0,1.0,0.9999999999999999,1.0,-0.8825951953574457,-1.9002885667362512,3.061639402274888,0.0,0,-0.9258856276867266,0.0,1
12819,0.0,1.0,0.0,0.9999999999999999,0.9745762711864407,1.0252469906606678,1.0210789388278794,-0.3556202039945009,2.0,1,1.4576035686425355,2.0,0
1965,0.0,0.0,1.0,0.9411764705882352,0.923728813559322,-1.8780149885508182,-0.758514876915882,-0.3556202039945009,0.0,0,-1.0926317854546173,0.0,1
12898,0.0,1.0,0.0,0.7647058823529412,0.7372881355932204,1.0252469906606678,1.0210789388278794,-0.3556202039945009,2.0,1,1.7322442990837674,1.0,0
13292,0.0,1.0,0.0,0.823529411764706,0.8220338983050848,1.0252469906606678,1.0210789388278794,-0.3556202039945009,2.0,0,0.3198062568145751,2.0,0
3971,0.0,0.0,1.0,0.7647058823529412,0.7796610169491525,-0.8825951953574457,-1.9002885667362512,2.6984892401896214,0.0,0,-0.9356942252024848,0.0,1
10262,0.0,1.0,0.0,0.8823529411764705,0.8983050847457628,1.0252469906606678,1.0210789388278794,-0.3556202039945009,2.0,0,0.34923204936184987,1.0,0
13387,0.0,0.0,0.0,0.11764705882352944,0.09322033898305082,-0.8825951953574457,-0.758514876915882,-0.3556202039945009,2.0,1,2.727816946933233,3.0,0
4804,1.0,0.0,0.0,0.5294117647058824,0.5338983050847457,-0.15446315781802844,-0.18829384955230133,-0.3556201875650083,0.0,0,-0.9553114202340014,0.0,1
10408,0.0,0.0,0.0,0.2941176470588235,0.2627118644067796,-0.15446315781802844,-0.18829384955230133,-0.3556202039945009,2.0,0,0.5355954021612572,2.0,0
13014,0.0,1.0,0.0,0.823529411764706,0.847457627118644,1.0252469906606678,1.0210789388278794,-0.3556202039945009,2.0,1,1.4281777760952608,2.0,0
7189,1.0,0.0,0.0,0.7058823529411765,0.6864406779661016,1.0252469906606678,1.0210789388278794,-0.3556202039945009,1.0,0,-0.592393312150945,1.0,0
10262,0.0,1.0,0.0,0.7647058823529412,0.7796610169491525,1.0252469906606678,1.0210789388278794,-0.3556202039945009,1.0,0,-0.6120105071824615,1.0,0
13250,0.0,0.0,0.0,0.11764705882352944,0.09322033898305082,-0.8825951953574457,-0.758514876915882,-0.3556202039945009,2.0,0,0.4473180245194327,2.0,0
10262,0.0,1.0,0.0,0.9999999999999999,0.9745762711864407,1.0252469906606678,1.0210789388278794,-0.3556202039945009,2.0,1,1.1044940580752376,1.0,0
2754,1.0,0.0,0.0,0.2941176470588235,0.2796610169491526,-1.8780149885508182,-0.758514876915882,-0.3556202039945009,0.0,0,-1.0926317854546173,0.0,1
7295,1.0,0.0,0.0,0.17647058823529405,0.19491525423728817,-1.8780149885508182,-0.758514876915882,-0.3556202039945009,0.0,0,-0.9945458102970345,0.0,1
10991,0.0,0.0,0.0,0.5882352941176471,0.5847457627118644,-0.15446315781802844,-0.18829384955230133,-0.3556202039945009,2.0,0,0.4473180245194327,2.0,0
18492,0.0,0.0,0.0,0.05882352941176472,0.06779661016949157,1.0252469906606678,1.0210789388278794,-0.3556202039945009,2.0,0,0.03535692885758493,1.0,0
11702,0.0,1.0,0.0,0.17647058823529405,0.1694915254237288,1.0252469906606678,1.0210789388278794,-0.3556202039945009,2.0,0,-0.1902408140048555,2.0,0
3782,0.0,0.0,1.0,0.17647058823529405,0.1694915254237288,-0.15446315781802844,-0.18829384955230133,-0.3556202039945009,0.0,0,-0.974928615265518,0.0,1
14300,0.0,1.0,0.0,0.9999999999999999,1.0,1.0252469906606678,1.0210789388278794,-0.3556202039945009,2.0,1,1.5949239338631516,2.0,0
9663,0.0,1.0,0.0,0.5882352941176471,0.5593220338983051,-0.15446315781802844,-0.18829384955230133,-0.3556202039945009,2.0,0,-0.2490923990994052,1.0,0
10703,0.0,0.0,0.0,0.6470588235294118,0.6610169491525424,1.0252469906606678,1.0210789388278794,-0.3556202039945009,2.0,1,2.727816946933233,3.0,0
13817,0.0,1.0,0.0,0.11764705882352944,0.09322033898305082,-0.8825951953574457,-0.758514876915882,-0.3556202039945009,2.0,0,0.46693521955094924,1.0,0
6442,1.0,0.0,0.0,0.9999999999999999,0.9745762711864407,1.0252469906606678,1.0210789388278794,-0.3556202039945009,2.0,0,0.03535692885758493,1.0,0
10975,0.0,0.0,0.0,0.6470588235294118,0.6355932203389831,1.0252469906606678,1.0210789388278794,-0.3556202039945009,2.0,1,1.8303302742413503,2.0,0
10262,0.0,1.0,0.0,0.823529411764706,0.8220338983050848,1.0252469906606678,1.0210789388278794,-0.3556202039945009,2.0,0,-0.09215483884727271,1.0,0
7832,0.0,1.0,0.0,0.17647058823529405,0.1694915254237288,-0.8825951953574457,-0.758514876915882,-0.3556202039945009,2.0,0,-0.1902408140048555,1.0,0
8016,0.0,1.0,0.0,0.9999999999999999,1.0,-0.8825951953574457,-1.9002885667362512,2.6984892401896214,1.0,0,-0.9160770301709683,0.0,1
3943,1.0,0.0,0.0,0.8823529411764705,0.8983050847457628,-0.8825951953574457,-1.9002885667362512,2.6984892401896214,1.0,0,-0.9160770301709683,0.0,1
1965,0.0,0.0,1.0,0.9999999999999999,1.0,-1.8780149885508182,-0.758514876915882,-0.3556202039945009,0.0,0,-1.0926317854546173,0.0,1
10562,0.0,1.0,0.0,0.05882352941176472,0.06779661016949157,-0.8825951953574457,-0.758514876915882,-0.3556202039945009,2.0,0,0.46693521955094924,1.0,0
10262,0.0,1.0,0.0,0.9999999999999999,0.9745762711864407,1.0252469906606678,1.0210789388278794,-0.3556202039945009,2.0,0,-0.20985800903637208,1.0,0
2575,0.0,0.0,0.0,0.17647058823529405,0.1694915254237288,-1.8780149885508182,-0.758514876915882,-0.3556202039945009,0.0,0,-1.1220575780018922,0.0,1
4491,0.0,0.0,1.0,0.4117647058823529,0.43220338983050854,-0.15446315781802844,-0.18829384955230133,-0.3556202039945009,0.0,0,-0.9847372127812762,0.0,1
14178,0.0,1.0,0.0,0.7058823529411765,0.7118644067796611,-0.15446315781802844,-0.18829384955230133,-0.3556202039945009,1.0,0,-0.6218191046982199,1.0,0
8372,0.0,0.0,0.0,0.7058823529411765,0.6864406779661016,1.0252469906606678,1.0210789388278794,-0.3556202039945009,2.0,0,-0.18043221648909724,1.0,0
4823,1.0,0.0,0.0,0.2941176470588235,0.2796610169491526,-0.8825951953574457,-1.9002885667362512,3.061639402274888,0.0,0,-0.9258856276867266,0.0,1
7408,0.0,0.0,0.0,0.823529411764706,0.847457627118644,1.0252469906606678,1.0210789388278794,-0.3556202039945009,2.0,0,0.025548331341826647,1.0,0
11543,0.0,1.0,0.0,0.17647058823529405,0.1694915254237288,1.0252469906606678,1.0210789388278794,-0.3556202039945009,2.0,1,1.4085605810637443,2.0,0
14714,0.0,1.0,0.0,0.823529411764706,0.8220338983050848,1.0252469906606678,1.0210789388278794,-0.3556202039945009,2.0,0,0.5454039996770155,1.0,0
13941,0.0,1.0,0.0,0.5882352941176471,0.5847457627118644,-0.15446315781802844,-0.18829384955230133,-0.3556202039945009,2.0,0,0.5159782071297406,1.0,0
13626,0.0,1.0,0.0,0.8823529411764705,0.8728813559322035,-0.15446315781802844,-0.18829384955230133,-0.3556202039945009,2.0,0,0.11382570898365117,1.0,0
9977,0.0,0.0,0.0,0.11764705882352944,0.09322033898305082,-1.8780149885508182,-0.758514876915882,-0.3556202039945009,2.0,0,0.29038046426730024,2.0,0
13067,0.0,1.0,0.0,0.5882352941176471,0.6101694915254237,-0.15446315781802844,-0.18829384955230133,-0.3556202039945009,2.0,1,2.1245881997140987,1.0,0
3597,1.0,0.0,0.0,0.7058823529411765,0.6864406779661016,-1.8780149885508182,-0.758514876915882,-0.3556202039945009,0.0,0,-0.9945458102970345,0.0,1
12410,0.0,1.0,0.0,0.9999999999999999,0.9745762711864407,1.0252469906606678,1.0210789388278794,-0.3556202039945009,2.0,0,-0.27851819164668007,2.0,0
6582,1.0,0.0,0.0,0.8823529411764705,0.8983050847457628,1.0252469906606678,1.0210789388278794,-0.3556202039945009,1.0,0,-0.6512448972454947,1.0,0
5058,1.0,0.0,0.0,0.8823529411764705,0.8728813559322035,1.0252469906606678,1.0210789388278794,-0.3556202039945009,1.0,0,-0.6708620922770112,1.0,0
29528,0.0,0.0,0.0,0.0,0.0,1.0252469906606678,1.0210789388278794,-0.3556202039945009,2.0,0,0.2609546717200254,1.0,0
10844,0.0,1.0,0.0,0.7058823529411765,0.6864406779661016,-0.15446315781802844,-0.18829384955230133,-0.3556202039945009,2.0,1,1.2516230208116117,1.0,0
5054,1.0,0.0,0.0,0.9999999999999999,0.9745762711864407,1.0252469906606678,1.0210789388278794,-0.3556202039945009,1.0,0,-0.7297136773715609,1.0,0
9564,0.0,1.0,0.0,0.5882352941176471,0.5847457627118644,1.0252469906606678,1.0210789388278794,-0.3556202039945009,1.0,0,-0.8866512376236935,0.0,1
3873,0.0,0.0,1.0,0.823529411764706,0.8220338983050848,-0.15446315781802844,-0.18829384955230133,-0.3556202039945009,0.0,0,-0.9945458102970345,0.0,1
13748,0.0,0.0,0.0,0.05882352941176472,0.0423728813559322,1.0252469906606678,1.0210789388278794,-0.3556202039945009,2.0,0,0.3001890617830585,2.0,0
5073,1.0,0.0,0.0,0.2941176470588235,0.2796610169491526,1.0252469906606678,1.0210789388278794,-0.3556202039945009,1.0,0,-0.6806706897927696,1.0,0
14178,0.0,1.0,0.0,0.823529411764706,0.847457627118644,-0.15446315781802844,-0.18829384955230133,-0.3556202039945009,2.0,0,-0.2490923990994052,1.0,0
9564,0.0,1.0,0.0,0.9411764705882352,0.9491525423728813,1.0252469906606678,1.0210789388278794,-0.3556202039945009,1.0,0,-0.8866512376236935,0.0,1
6442,1.0,0.0,0.0,0.8823529411764705,0.8983050847457628,1.0252469906606678,1.0210789388278794,-0.3556202039945009,2.0,0,-0.37660416680426284,1.0,0
3210,0.0,1.0,0.0,0.7058823529411765,0.7118644067796611,-1.8780149885508182,-0.758514876915882,-0.3556202039945009,0.0,0,-1.0926317854546173,0.0,1
23528,0.0,1.0,0.0,0.11764705882352944,0.09322033898305082,-1.8780149885508182,-0.758514876915882,-0.3556202039945009,2.0,0,-0.08234624133151444,2.0,0
8452,0.0,0.0,1.0,0.6470588235294118,0.6355932203389831,-0.15446315781802844,-0.18829384955230133,-0.3556202039945009,2.0,0,0.23152887917275053,1.0,0
3943,1.0,0.0,0.0,0.9411764705882352,0.923728813559322,-0.8825951953574457,-1.9002885667362512,2.6984892401896214,0.0,0,-0.9356942252024848,0.0,1
8372,0.0,0.0,0.0,0.7647058823529412,0.7372881355932204,1.0252469906606678,1.0210789388278794,-0.3556202039945009,2.0,1,1.467412166158294,1.0,0
3943,1.0,0.0,0.0,0.3529411764705882,0.3305084745762712,-0.8825951953574457,-1.9002885667362512,2.6984892401896214,1.0,0,-0.9160770301709683,0.0,1
2437,1.0,0.0,0.0,0.7058823529411765,0.7118644067796611,-1.8780149885508182,-0.758514876915882,-0.3556202039945009,0.0,0,-1.0926317854546173,0.0,1
6144,0.0,1.0,0.0,0.6470588235294118,0.6610169491525424,-0.8825951953574457,-1.9002885667362512,2.6984892401896214,1.0,0,-0.9160770301709683,0.0,1
9627,0.0,0.0,0.0,0.6470588235294118,0.6610169491525424,1.0252469906606678,1.0210789388278794,-0.3556202039945009,2.0,0,-0.27851819164668007,1.0,0
7480,0.0,0.0,0.0,0.8823529411764705,0.8728813559322035,1.0252469906606678,1.0210789388278794,-0.3556202039945009,2.0,1,1.192771435717062,1.0,0
12898,0.0,1.0,0.0,0.7647058823529412,0.7372881355932204,1.0252469906606678,1.0210789388278794,-0.3556202039945009,2.0,1,1.2221972282643367,1.0,0
12373,0.0,1.0,0.0,0.5882352941176471,0.5847457627118644,1.0252469906606678,1.0210789388278794,-0.3556202039945009,2.0,1,0.771001742539456,1.0,0
14781,0.0,1.0,0.0,0.5294117647058824,0.5169491525423728,-0.15446315781802844,-0.18829384955230133,-0.3556202039945009,2.0,0,0.2511460742042671,1.0,0
4823,1.0,0.0,0.0,0.2941176470588235,0.2796610169491526,-0.8825951953574457,-1.9002885667362512,2.6984892401896214,1.0,0,-0.9160770301709683,0.0,1
4859,0.0,0.0,1.0,0.47058823529411764,0.4576271186440678,-0.15446315781802844,-0.18829384955230133,-0.3556202039945009,1.0,0,-0.6512448972454947,1.0,0
4990,1.0,0.0,0.0,0.3529411764705882,0.35593220338983056,-0.8825951953574457,-1.9002885667362512,2.6984892401896214,1.0,0,-0.9160770301709683,0.0,1
13538,0.0,0.0,0.0,0.7058823529411765,0.6864406779661016,1.0252469906606678,1.0210789388278794,-0.3556202039945009,2.0,1,0.8887049127285553,2.0,0
10697,0.0,0.0,0.0,0.823529411764706,0.8220338983050848,-0.15446315781802844,-0.18829384955230133,-0.3556202039945009,2.0,0,-0.07253764381575616,2.0,0
6785,0.0,0.0,1.0,0.17647058823529405,0.19491525423728817,-0.15446315781802844,-0.18829384955230133,-0.3556202039945009,2.0,0,0.5355954021612572,1.0,0
5192,0.0,0.0,1.0,0.6470588235294118,0.6355932203389831,-0.15446315781802844,-0.18829384955230133,-0.3556202039945009,2.0,0,0.143251501530926,1.0,0
12717,0.0,0.0,0.0,0.823529411764706,0.8220338983050848,1.0252469906606678,1.0210789388278794,-0.3556202039945009,2.0,0,-0.20985800903637208,1.0,0
6885,1.0,0.0,0.0,0.05882352941176472,0.06779661016949157,1.0252469906606678,1.0210789388278794,-0.3556202039945009,1.0,0,-0.8866512376236935,0.0,1
14781,0.0,1.0,0.0,0.5294117647058824,0.5169491525423728,-0.15446315781802844,-0.18829384955230133,-0.3556202039945009,2.0,0,-0.33736977674122975,1.0,0
7229,0.0,1.0,0.0,0.17647058823529405,0.19491525423728817,-0.8825951953574457,-0.758514876915882,-0.3512145005915733,0.0,0,-0.9455028227182432,0.0,1
4174,1.0,0.0,0.0,0.4117647058823529,0.3813559322033898,-0.15446315781802844,-0.18829384955230133,-0.3556201875650083,0.0,0,-0.9553114202340014,0.0,1
5198,0.0,1.0,0.0,0.3529411764705882,0.35593220338983056,-0.8825951953574457,-1.9002885667362512,3.061639402274888,0.0,0,-0.9258856276867266,0.0,1
7708,1.0,0.0,0.0,0.17647058823529405,0.1694915254237288,-0.8825951953574457,-0.758514876915882,-0.3556202039945009,1.0,0,-0.6806706897927696,1.0,0
7064,0.0,1.0,0.0,0.2941176470588235,0.2627118644067796,-0.15446315781802844,-0.18829384955230133,-0.3556202039945009,2.0,1,1.5360723487686019,1.0,0
5752,0.0,0.0,1.0,0.4117647058823529,0.3813559322033898,1.0252469906606678,1.0210789388278794,-0.3556202039945009,2.0,0,-0.20985800903637208,1.0,0
9663,0.0,1.0,0.0,0.5882352941176471,0.6101694915254237,-0.15446315781802844,-0.18829384955230133,-0.3556202039945009,2.0,0,0.42770082948791616,1.0,0
4804,1.0,0.0,0.0,0.5294117647058824,0.5338983050847457,-0.15446315781802844,-0.18829384955230133,-0.3556202039945009,0.0,0,-0.9651200177497596,0.0,1
11038,0.0,0.0,0.0,0.05882352941176472,0.0423728813559322,1.0252469906606678,1.0210789388278794,-0.3556202039945009,2.0,1,1.8009044816940754,1.0,0
3210,0.0,1.0,0.0,0.823529411764706,0.7966101694915255,-1.8780149885508182,-0.758514876915882,-0.3556202039945009,0.0,0,-1.0926317854546173,0.0,1
6287,1.0,0.0,0.0,0.17647058823529405,0.1694915254237288,1.0252469906606678,1.0210789388278794,-0.3556202039945009,2.0,0,-0.4354557518988125,1.0,0
7514,1.0,0.0,0.0,0.05882352941176472,0.0423728813559322,1.0252469906606678,1.0210789388278794,-0.3556202039945009,2.0,0,0.34923204936184987,1.0,0
3332,0.0,0.0,1.0,0.23529411764705876,0.22033898305084743,-1.8780149885508182,-0.758514876915882,-0.3556202039945009,0.0,0,-1.0043544078127928,0.0,1
3911,0.0,0.0,1.0,0.5882352941176471,0.5847457627118644,-1.8780149885508182,-0.758514876915882,-0.3556202039945009,0.0,0,-1.0043544078127928,0.0,1
13014,0.0,1.0,0.0,0.8823529411764705,0.8728813559322035,1.0252469906606678,1.0210789388278794,-0.3556202039945009,2.0,1,1.8989904568516582,2.0,0
13555,0.0,1.0,0.0,0.17647058823529405,0.14406779661016955,-0.8825951953574457,-0.758514876915882,-0.3556202039945009,2.0,0,-0.06272904629999788,1.0,0
14053,0.0,1.0,0.0,0.05882352941176472,0.06779661016949157,1.0252469906606678,1.0210789388278794,-0.3556202039945009,2.0,1,1.8891818593359,1.0,0
3943,1.0,0.0,0.0,0.9999999999999999,1.0,-0.8825951953574457,-1.9002885667362512,-0.3512145005915733,0.0,0,-0.9455028227182432,0.0,1
13875,0.0,0.0,0.0,0.05882352941176472,0.0423728813559322,1.0252469906606678,1.0210789388278794,-0.3556202039945009,2.0,0,0.388466439424883,1.0,0
8040,0.0,1.0,0.0,0.23529411764705876,0.22033898305084743,-1.8780149885508182,-0.758514876915882,-0.3556202039945009,0.0,0,-1.1024403829703755,0.0,1
12214,1.0,0.0,0.0,0.0,0.016949152542372947,1.0252469906606678,1.0210789388278794,-0.3556202039945009,1.0,0,-0.6512448972454947,1.0,0
9845,0.0,0.0,1.0,0.17647058823529405,0.1694915254237288,1.0252469906606678,1.0210789388278794,-0.3556202039945009,2.0,0,0.1530600990466843,1.0,0
27992,0.0,1.0,0.0,0.0,0.0,-0.8825951953574457,-0.758514876915882,-0.3556202039945009,2.0,0,0.41789223197215786,1.0,0
12242,0.0,1.0,0.0,0.23529411764705876,0.22033898305084743,1.0252469906606678,1.0210789388278794,-0.3556202039945009,1.0,0,-0.4943073369933622,1.0,0
6216,0.0,0.0,1.0,0.5882352941176471,0.6101694915254237,1.0252469906606678,1.0210789388278794,-0.3556201875650083,1.0,0,-0.8964598351394517,0.0,1
3543,0.0,0.0,1.0,0.9999999999999999,1.0,-1.8780149885508182,-0.758514876915882,-0.3556202039945009,0.0,0,-1.0043544078127928,0.0,1
14714,0.0,1.0,0.0,0.823529411764706,0.8220338983050848,1.0252469906606678,1.0210789388278794,-0.3556202039945009,2.0,0,0.3099976592988168,1.0,0
4823,1.0,0.0,0.0,0.9411764705882352,0.9491525423728813,-0.8825951953574457,-1.9002885667362512,2.6984892401896214,0.0,0,-0.9356942252024848,0.0,1
13591,0.0,0.0,0.0,0.5882352941176471,0.5847457627118644,1.0252469906606678,1.0210789388278794,-0.3556202039945009,2.0,1,1.8303302742413503,2.0,0
7005,0.0,0.0,0.0,0.8823529411764705,0.8983050847457628,1.0252469906606678,1.0210789388278794,-0.3556202039945009,2.0,0,-0.3079439841939549,1.0,0
8021,1.0,0.0,0.0,0.11764705882352944,0.11864406779661019,-0.8825951953574457,-0.758514876915882,-0.3556202039945009,1.0,0,-0.7100964823400444,1.0,0
10262,0.0,1.0,0.0,0.9999999999999999,0.9745762711864407,1.0252469906606678,1.0210789388278794,-0.3556202039945009,2.0,0,-0.0529204487842396,1.0,0
6216,0.0,0.0,1.0,0.8823529411764705,0.8728813559322035,1.0252469906606678,1.0210789388278794,-0.3556201875650083,1.0,0,-0.8964598351394517,0.0,1
15129,0.0,1.0,0.0,0.6470588235294118,0.6610169491525424,1.0252469906606678,1.0210789388278794,-0.3556202039945009,2.0,0,0.3198062568145751,2.0,0
7198,0.0,0.0,0.0,0.7647058823529412,0.7372881355932204,1.0252469906606678,1.0210789388278794,-0.3556202039945009,2.0,0,-0.26870959413092177,1.0,0
3873,0.0,0.0,1.0,0.7647058823529412,0.7372881355932204,-0.15446315781802844,-0.18829384955230133,-0.3556202039945009,0.0,0,-0.974928615265518,0.0,1
4667,0.0,0.0,0.0,0.5882352941176471,0.5847457627118644,-1.8780149885508182,-0.758514876915882,-0.3556202039945009,0.0,0,-1.0043544078127928,0.0,1
22270,0.0,1.0,0.0,0.0,0.0,-0.8825951953574457,-0.758514876915882,-0.3556202039945009,2.0,1,0.8004275350867308,1.0,0
6860,1.0,0.0,0.0,0.0,0.016949152542372947,-0.8825951953574457,-0.758514876915882,3.061639402274888,0.0,0,-0.9258856276867266,0.0,1
8586,0.0,1.0,0.0,0.5882352941176471,0.5847457627118644,-0.15446315781802844,-0.18829384955230133,-0.3556202039945009,2.0,0,0.4473180245194327,1.0,0
8586,0.0,1.0,0.0,0.7058823529411765,0.7118644067796611,-0.15446315781802844,-0.18829384955230133,-0.3556202039945009,2.0,0,0.388466439424883,1.0,0
8040,0.0,1.0,0.0,0.9411764705882352,0.9491525423728813,-1.8780149885508182,-0.758514876915882,-0.3556202039945009,0.0,0,-1.0926317854546173,0.0,1
3847,0.0,0.0,1.0,0.17647058823529405,0.1694915254237288,-0.15446315781802844,-0.18829384955230133,-0.3556202039945009,0.0,0,-0.974928615265518,0.0,1
14973,0.0,0.0,0.0,0.0,0.016949152542372947,1.0252469906606678,1.0210789388278794,-0.3556202039945009,2.0,0,-0.17062361897333897,1.0,0
25735,0.0,1.0,0.0,0.0,0.0,-0.8825951953574457,-0.758514876915882,-0.3556202039945009,2.0,1,1.124111253106754,1.0,0
7670,0.0,0.0,0.0,0.6470588235294118,0.6355932203389831,1.0252469906606678,1.0210789388278794,-0.3556202039945009,2.0,0,-0.06272904629999788,1.0,0
3100,0.0,0.0,0.0,0.823529411764706,0.8220338983050848,-1.8780149885508182,-0.758514876915882,-0.3556202039945009,0.0,0,-1.1220575780018922,0.0,1
13377,0.0,0.0,0.0,0.8823529411764705,0.8983050847457628,1.0252469906606678,1.0210789388278794,-0.3556202039945009,2.0,0,-0.415838556867296,1.0,0
8266,0.0,0.0,0.0,0.6470588235294118,0.6355932203389831,1.0252469906606678,1.0210789388278794,-0.3556202039945009,1.0,0,-0.5139245320248788,1.0,0
15288,0.0,0.0,0.0,0.0,0.016949152542372947,1.0252469906606678,1.0210789388278794,-0.3556202039945009,1.0,0,-0.4943073369933622,1.0,0
4145,0.0,0.0,0.0,0.7647058823529412,0.7796610169491525,-0.15446315781802844,-0.18829384955230133,-0.3556202039945009,0.0,0,-0.9651200177497596,0.0,1
16263,0.0,1.0,0.0,0.7647058823529412,0.7372881355932204,1.0252469906606678,1.0210789388278794,-0.3556202039945009,2.0,0,-0.27851819164668007,2.0,0
6093,1.0,0.0,0.0,0.823529411764706,0.7966101694915255,1.0252469906606678,1.0210789388278794,-0.3556202039945009,2.0,0,-0.14119782642606413,1.0,0
14781,0.0,1.0,0.0,0.5882352941176471,0.5593220338983051,-0.15446315781802844,-0.18829384955230133,-0.3556202039945009,2.0,0,0.07459131892061804,1.0,0
14871,1.0,0.0,0.0,0.05882352941176472,0.0423728813559322,1.0252469906606678,1.0210789388278794,-0.3556202039945009,2.0,0,-0.023494656236964756,1.0,0
16289,0.0,1.0,0.0,0.05882352941176472,0.06779661016949157,1.0252469906606678,1.0210789388278794,-0.3556202039945009,2.0,1,1.997076432009241,1.0,0
4760,0.0,0.0,1.0,0.5882352941176471,0.5847457627118644,1.0252469906606678,1.0210789388278794,-0.3556202039945009,1.0,0,-0.7395222748873193,1.0,0
25430,0.0,0.0,0.0,0.0,0.0,-0.8825951953574457,-0.758514876915882,-0.3556202039945009,2.0,1,2.727816946933233,2.0,0
3858,1.0,0.0,0.0,0.7058823529411765,0.7118644067796611,-1.8780149885508182,-0.758514876915882,-0.3556202039945009,0.0,0,-0.9945458102970345,0.0,1
12646,0.0,0.0,0.0,0.9999999999999999,1.0,1.0252469906606678,1.0210789388278794,-0.3556202039945009,2.0,1,2.3011429549977476,2.0,0
4174,0.0,0.0,1.0,0.6470588235294118,0.6610169491525424,-0.15446315781802844,-0.18829384955230133,-0.3556202039945009,0.0,0,-0.974928615265518,0.0,1
13029,0.0,1.0,0.0,0.7058823529411765,0.6864406779661016,1.0252469906606678,1.0210789388278794,-0.3556202039945009,2.0,1,0.9377479003073467,2.0,0
13014,0.0,1.0,0.0,0.823529411764706,0.8220338983050848,1.0252469906606678,1.0210789388278794,-0.3556202039945009,2.0,1,1.4281777760952608,2.0,0
4049,1.0,0.0,0.0,0.11764705882352944,0.09322033898305082,-1.8780149885508182,-0.758514876915882,-0.3556202039945009,0.0,0,-1.1024403829703755,0.0,1
4107,0.0,0.0,1.0,0.7058823529411765,0.7118644067796611,-0.15446315781802844,-0.18829384955230133,-0.3556202039945009,0.0,0,-0.974928615265518,0.0,1
11432,0.0,0.0,0.0,0.5882352941176471,0.6101694915254237,-0.15446315781802844,-0.18829384955230133,-0.3556202039945009,2.0,1,1.1044940580752376,2.0,0
6643,0.0,0.0,1.0,0.7058823529411765,0.7118644067796611,-0.15446315781802844,-0.18829384955230133,-0.3556202039945009,2.0,0,-0.2490923990994052,1.0,0
4864,1.0,0.0,0.0,0.5882352941176471,0.5593220338983051,-0.15446315781802844,-0.18829384955230133,-0.3556202039945009,1.0,0,-0.6218191046982199,1.0,0
11774,0.0,0.0,0.0,0.17647058823529405,0.19491525423728817,-0.15446315781802844,-0.18829384955230133,-0.3556202039945009,2.0,1,1.1044940580752376,2.0,0
13253,0.0,0.0,0.0,0.05882352941176472,0.0423728813559322,-1.8780149885508182,-0.758514876915882,-0.3556202039945009,2.0,1,2.340377345060781,2.0,0
4030,0.0,1.0,0.0,0.5882352941176471,0.5593220338983051,-0.8825951953574457,-1.9002885667362512,2.6984892401896214,1.0,0,-0.9160770301709683,0.0,1
6838,1.0,0.0,0.0,0.9999999999999999,0.9745762711864407,1.0252469906606678,1.0210789388278794,-0.3556202039945009,2.0,0,0.11382570898365117,1.0,0
4823,1.0,0.0,0.0,0.9999999999999999,0.9745762711864407,-0.8825951953574457,-1.9002885667362512,3.061639402274888,0.0,0,-0.9258856276867266,0.0,1
3687,0.0,0.0,1.0,0.7058823529411765,0.7118644067796611,-1.8780149885508182,-0.758514876915882,-0.3556202039945009,0.0,0,-1.0043544078127928,0.0,1
12698,0.0,0.0,0.0,0.823529411764706,0.7966101694915255,1.0252469906606678,1.0210789388278794,-0.3556202039945009,2.0,1,1.614541128894668,2.0,0
4282,0.0,0.0,1.0,0.8823529411764705,0.8983050847457628,-0.8825951953574457,-1.9002885667362512,2.6984892401896214,0.0,0,-0.9356942252024848,0.0,1
5162,0.0,0.0,1.0,0.6470588235294118,0.6355932203389831,-0.15446315781802844,-0.18829384955230133,-0.3556202039945009,1.0,0,-0.837608250044902,1.0,0
6171,1.0,0.0,0.0,0.23529411764705876,0.22033898305084743,1.0252469906606678,1.0210789388278794,-0.3556202039945009,2.0,0,-0.4354557518988125,1.0,0
4839,0.0,0.0,1.0,0.17647058823529405,0.1694915254237288,-0.8825951953574457,-0.758514876915882,3.061639402274888,0.0,0,-0.9258856276867266,0.0,1
6795,0.0,0.0,0.0,0.8823529411764705,0.8728813559322035,1.0252469906606678,1.0210789388278794,-0.3556202039945009,1.0,0,-0.5041159345091205,1.0,0
3100,0.0,0.0,0.0,0.9411764705882352,0.9491525423728813,-1.8780149885508182,-0.758514876915882,-0.3556202039945009,0.0,0,-1.112248980486134,0.0,1
5406,0.0,1.0,0.0,0.2941176470588235,0.2627118644067796,1.0252469906606678,1.0210789388278794,-0.3556202039945009,2.0,1,1.1535370456540288,1.0,0
1965,0.0,0.0,1.0,0.9411764705882352,0.923728813559322,-1.8780149885508182,-0.758514876915882,-0.3556202039945009,0.0,0,-1.0926317854546173,0.0,1
4435,0.0,0.0,0.0,0.17647058823529405,0.14406779661016955,-0.15446315781802844,-0.18829384955230133,-0.3556202039945009,0.0,0,-0.9651200177497596,0.0,1
7240,0.0,0.0,1.0,0.05882352941176472,0.06779661016949157,-0.8825951953574457,-0.758514876915882,-0.3556201875650083,0.0,0,-0.9553114202340014,0.0,1
4668,0.0,0.0,1.0,0.8823529411764705,0.8728813559322035,-0.8825951953574457,-1.9002885667362512,2.6984892401896214,0.0,0,-0.9356942252024848,0.0,1
8016,0.0,1.0,0.0,0.823529411764706,0.847457627118644,-0.8825951953574457,-1.9002885667362512,-0.3512145005915733,0.0,0,-0.9455028227182432,0.0,1
13817,0.0,1.0,0.0,0.11764705882352944,0.09322033898305082,-0.8825951953574457,-0.758514876915882,-0.3556202039945009,2.0,0,-0.023494656236964756,1.0,0
14151,0.0,1.0,0.0,0.6470588235294118,0.6610169491525424,-0.15446315781802844,-0.18829384955230133,-0.3556202039945009,2.0,0,0.3001890617830585,1.0,0
3858,1.0,0.0,0.0,0.9999999999999999,0.9745762711864407,-1.8780149885508182,-0.758514876915882,-0.3556202039945009,0.0,0,-0.9847372127812762,0.0,1
7832,0.0,1.0,0.0,0.17647058823529405,0.1694915254237288,-0.8825951953574457,-0.758514876915882,-0.3556202039945009,2.0,1,1.5262637512528436,1.0,0
8875,0.0,0.0,0.0,0.23529411764705876,0.22033898305084743,1.0252469906606678,1.0210789388278794,-0.3556202039945009,2.0,1,0.9181307052758302,2.0,0
4544,0.0,1.0,0.0,0.47058823529411764,0.4576271186440678,-0.8825951953574457,-1.9002885667362512,2.6984892401896214,1.0,0,-0.9160770301709683,0.0,1
6147,1.0,0.0,0.0,0.9999999999999999,0.9745762711864407,1.0252469906606678,1.0210789388278794,-0.3556202039945009,1.0,0,-0.700287884824286,1.0,0
13377,0.0,0.0,0.0,0.9999999999999999,0.9745762711864407,1.0252469906606678,1.0210789388278794,-0.3556202039945009,2.0,0,0.08439991643637633,1.0,0
10123,1.0,0.0,0.0,0.6470588235294118,0.6355932203389831,1.0252469906606678,1.0210789388278794,-0.3556202039945009,1.0,0,-0.6708620922770112,1.0,0
13377,0.0,0.0,0.0,0.7647058823529412,0.7372881355932204,1.0252469906606678,1.0210789388278794,-0.3556202039945009,2.0,0,-0.32756117922547145,1.0,0
19225,0.0,1.0,0.0,0.05882352941176472,0.0423728813559322,-0.8825951953574457,-0.758514876915882,-0.3556202039945009,1.0,0,-0.6708620922770112,1.0,0
5678,0.0,1.0,0.0,0.17647058823529405,0.1694915254237288,-1.8780149885508182,-0.758514876915882,-0.3556202039945009,0.0,0,-1.112248980486134,0.0,1
3841,0.0,0.0,1.0,0.47058823529411764,0.48305084745762716,-0.15446315781802844,-0.18829384955230133,-0.3556202039945009,0.0,0,-0.974928615265518,0.0,1
12692,0.0,1.0,0.0,0.823529411764706,0.8220338983050848,-0.15446315781802844,-0.18829384955230133,-0.3556202039945009,2.0,1,2.1245881997140987,1.0,0
5158,0.0,0.0,1.0,0.823529411764706,0.8220338983050848,1.0252469906606678,1.0210789388278794,-0.3556202039945009,1.0,0,-0.7395222748873193,1.0,0
9345,0.0,0.0,1.0,0.5294117647058824,0.5169491525423728,-0.15446315781802844,-0.18829384955230133,-0.3556202039945009,2.0,0,0.10401711146789289,1.0,0
16079,0.0,1.0,0.0,0.7647058823529412,0.7372881355932204,1.0252469906606678,1.0210789388278794,-0.3556202039945009,1.0,0,-0.4943073369933622,1.0,0
6284,1.0,0.0,0.0,0.2941176470588235,0.2627118644067796,-0.15446315781802844,-0.18829384955230133,-0.3556202039945009,1.0,0,-0.6316277022139781,1.0,0
4049,1.0,0.0,0.0,0.7647058823529412,0.7796610169491525,-1.8780149885508182,-0.758514876915882,-0.3556202039945009,0.0,0,-1.0926317854546173,0.0,1
3943,1.0,0.0,0.0,0.2941176470588235,0.2627118644067796,-0.8825951953574457,-1.9002885667362512,-0.3512145005915733,0.0,0,-0.9455028227182432,0.0,1
7682,1.0,0.0,0.0,0.05882352941176472,0.0423728813559322,1.0252469906606678,1.0210789388278794,-0.3556202039945009,2.0,0,0.23152887917275053,2.0,0
8452,0.0,0.0,1.0,0.6470588235294118,0.6355932203389831,-0.15446315781802844,-0.18829384955230133,-0.3556202039945009,2.0,0,0.5552125971927738,1.0,0
13587,0.0,0.0,0.0,0.8823529411764705,0.8983050847457628,1.0252469906606678,1.0210789388278794,-0.3556202039945009,2.0,0,-0.1510064239418224,1.0,0
13502,0.0,1.0,0.0,0.05882352941176472,0.0423728813559322,-0.8825951953574457,-0.758514876915882,-0.3556202039945009,2.0,1,0.8004275350867308,1.0,0
4239,0.0,0.0,1.0,0.2941176470588235,0.2796610169491526,-0.8825951953574457,-1.9002885667362512,3.061639402274888,0.0,0,-0.9258856276867266,0.0,1
4460,0.0,0.0,0.0,0.2941176470588235,0.2796610169491526,-0.15446315781802844,-0.18829384955230133,-0.3556202039945009,0.0,0,-0.9651200177497596,0.0,1
12723,0.0,0.0,0.0,0.8823529411764705,0.8728813559322035,-0.15446315781802844,-0.18829384955230133,-0.3556202039945009,2.0,1,1.9186076518831747,2.0,0
13376,0.0,1.0,0.0,0.7647058823529412,0.7796610169491525,1.0252469906606678,1.0210789388278794,-0.3556202039945009,2.0,1,1.2810488133588864,2.0,0
6412,1.0,0.0,0.0,0.9999999999999999,1.0,1.0252469906606678,1.0210789388278794,-0.3556202039945009,2.0,0,-0.3079439841939549,1.0,0
3543,0.0,0.0,1.0,0.6470588235294118,0.6610169491525424,-1.8780149885508182,-0.758514876915882,-0.3556202039945009,0.0,0,-0.9945458102970345,0.0,1
15129,0.0,1.0,0.0,0.5294117647058824,0.5169491525423728,1.0252469906606678,1.0210789388278794,-0.3556202039945009,2.0,1,1.0750682655279626,2.0,0
14231,0.0,1.0,0.0,0.17647058823529405,0.19491525423728817,-0.15446315781802844,-0.18829384955230133,-0.3556202039945009,2.0,1,1.1044940580752376,1.0,0
10262,0.0,1.0,0.0,0.823529411764706,0.8220338983050848,1.0252469906606678,1.0210789388278794,-0.3556202039945009,2.0,0,-0.2490923990994052,1.0,0
7160,1.0,0.0,0.0,0.47058823529411764,0.48305084745762716,1.0252469906606678,1.0210789388278794,-0.3556202039945009,2.0,0,-0.4354557518988125,1.0,0
15554,0.0,1.0,0.0,0.5882352941176471,0.5847457627118644,1.0252469906606678,1.0210789388278794,-0.3556202039945009,2.0,0,0.025548331341826647,1.0,0
12681,0.0,1.0,0.0,0.2941176470588235,0.2627118644067796,-0.15446315781802844,-0.18829384955230133,-0.3556202039945009,2.0,0,0.6140641822873235,1.0,0
7575,0.0,0.0,0.0,0.5882352941176471,0.5847457627118644,1.0252469906606678,1.0210789388278794,-0.3556202039945009,2.0,0,-0.347178374256988,1.0,0
7662,0.0,0.0,0.0,0.5882352941176471,0.5847457627118644,-0.15446315781802844,-0.18829384955230133,-0.3556202039945009,2.0,1,2.065736614619549,1.0,0
14676,0.0,1.0,0.0,0.823529411764706,0.847457627118644,-0.15446315781802844,-0.18829384955230133,-0.3556202039945009,1.0,0,-0.4943073369933622,1.0,0
8452,0.0,0.0,1.0,0.823529411764706,0.8220338983050848,-0.15446315781802844,-0.18829384955230133,-0.3556202039945009,2.0,0,0.23152887917275053,1.0,0
9345,0.0,0.0,1.0,0.6470588235294118,0.6355932203389831,-0.15446315781802844,-0.18829384955230133,-0.3556202039945009,2.0,0,0.6434899748345984,1.0,0
12819,0.0,1.0,0.0,0.9999999999999999,1.0,1.0252469906606678,1.0210789388278794,-0.3556202039945009,2.0,1,2.2128655773559234,2.0,0
4823,1.0,0.0,0.0,0.2941176470588235,0.2627118644067796,-0.8825951953574457,-1.9002885667362512,3.061639402274888,0.0,0,-0.9258856276867266,0.0,1
13797,0.0,0.0,0.0,0.9999999999999999,0.9745762711864407,1.0252469906606678,1.0210789388278794,-0.3556202039945009,2.0,0,0.36884924439336647,1.0,0
31945,0.0,0.0,0.0,0.17647058823529405,0.19491525423728817,-0.15446315781802844,-0.18829384955230133,-0.3556202039945009,0.0,0,-0.9651200177497596,0.0,1
12898,0.0,1.0,0.0,0.7058823529411765,0.6864406779661016,1.0252469906606678,1.0210789388278794,-0.3556202039945009,2.0,1,0.7121501574449063,1.0,0
12373,0.0,1.0,0.0,0.6470588235294118,0.6610169491525424,1.0252469906606678,1.0210789388278794,-0.3556202039945009,2.0,1,0.7219587549606645,1.0,0
14388,0.0,1.0,0.0,0.6470588235294118,0.6355932203389831,-0.15446315781802844,-0.18829384955230133,-0.3556202039945009,2.0,0,0.03535692885758493,1.0,0
7646,0.0,0.0,1.0,0.2941176470588235,0.2627118644067796,-0.15446315781802844,-0.18829384955230133,-0.3556202039945009,1.0,0,-0.6218191046982199,1.0,0
3873,0.0,0.0,1.0,0.5294117647058824,0.5338983050847457,-0.15446315781802844,-0.18829384955230133,-0.3556202039945009,0.0,0,-0.9945458102970345,0.0,1
14231,0.0,1.0,0.0,0.17647058823529405,0.19491525423728817,-0.15446315781802844,-0.18829384955230133,-0.3556202039945009,2.0,0,-0.2490923990994052,1.0,0
16736,0.0,1.0,0.0,0.05882352941176472,0.0423728813559322,-0.8825951953574457,-0.758514876915882,-0.3556202039945009,2.0,0,0.06478272140485977,1.0,0
7229,0.0,1.0,0.0,0.4117647058823529,0.3813559322033898,-0.8825951953574457,-1.9002885667362512,2.6984892401896214,1.0,0,-0.9160770301709683,0.0,1
9314,0.0,1.0,0.0,0.5294117647058824,0.5169491525423728,-0.15446315781802844,-0.18829384955230133,-0.3556202039945009,2.0,1,1.6733927139892177,1.0,0
3597,1.0,0.0,0.0,0.5294117647058824,0.5338983050847457,-1.8780149885508182,-0.758514876915882,-0.3556202039945009,0.0,0,-0.9945458102970345,0.0,1
18293,0.0,0.0,0.0,0.11764705882352944,0.09322033898305082,-1.8780149885508182,-0.758514876915882,-0.3556202039945009,2.0,1,2.2128655773559234,3.0,0
14151,0.0,1.0,0.0,0.5882352941176471,0.6101694915254237,-0.15446315781802844,-0.18829384955230133,-0.3556202039945009,2.0,0,-0.27851819164668007,1.0,0
9315,0.0,0.0,0.0,0.7647058823529412,0.7372881355932204,1.0252469906606678,1.0210789388278794,-0.3556202039945009,2.0,0,0.18248589159395914,1.0,0
16736,0.0,1.0,0.0,0.05882352941176472,0.0423728813559322,-0.8825951953574457,-0.758514876915882,-0.3556202039945009,2.0,0,0.10401711146789289,1.0,0
10844,0.0,1.0,0.0,0.6470588235294118,0.6355932203389831,-0.15446315781802844,-0.18829384955230133,-0.3556202039945009,2.0,1,1.4772207636740522,1.0,0
5397,1.0,0.0,0.0,0.11764705882352944,0.11864406779661019,-0.8825951953574457,-0.758514876915882,-0.3556202039945009,1.0,0,-0.6904792873085278,1.0,0
21483,0.0,0.0,0.0,0.05882352941176472,0.0423728813559322,1.0252469906606678,1.0210789388278794,-0.3556202039945009,2.0,0,-0.033303253752723035,2.0,0
9483,0.0,1.0,0.0,0.3529411764705882,0.3305084745762712,1.0252469906606678,1.0210789388278794,-0.3556202039945009,2.0,1,2.2128655773559234,2.0,0
6857,0.0,0.0,1.0,0.6470588235294118,0.6610169491525424,-0.15446315781802844,-0.18829384955230133,-0.3556202039945009,1.0,0,-0.837608250044902,1.0,0
6305,0.0,0.0,0.0,0.23529411764705876,0.22033898305084743,1.0252469906606678,1.0210789388278794,-0.3556202039945009,2.0,0,0.08439991643637633,1.0,0
10262,0.0,1.0,0.0,0.9999999999999999,0.9745762711864407,1.0252469906606678,1.0210789388278794,-0.3556202039945009,2.0,1,1.2712402158431282,1.0,0
18799,0.0,1.0,0.0,0.0,0.016949152542372947,1.0252469906606678,1.0210789388278794,-0.3556202039945009,2.0,1,2.727816946933233,2.0,0
8834,0.0,1.0,0.0,0.17647058823529405,0.1694915254237288,1.0252469906606678,1.0210789388278794,-0.3556202039945009,2.0,1,2.6444438680492874,2.0,0
7832,0.0,1.0,0.0,0.17647058823529405,0.1694915254237288,-0.8825951953574457,-0.758514876915882,-0.3556202039945009,2.0,1,1.124111253106754,1.0,0
4804,1.0,0.0,0.0,0.9411764705882352,0.9491525423728813,-0.15446315781802844,-0.18829384955230133,-0.3556201875650083,0.0,0,-0.9553114202340014,0.0,1
10844,0.0,1.0,0.0,0.6470588235294118,0.6610169491525424,-0.15446315781802844,-0.18829384955230133,-0.3556202039945009,2.0,1,1.9774592369777244,1.0,0
7110,0.0,0.0,1.0,0.05882352941176472,0.06779661016949157,-0.8825951953574457,-0.758514876915882,2.6984892401896214,0.0,0,-0.9356942252024848,0.0,1
3540,1.0,0.0,0.0,0.5882352941176471,0.5847457627118644,-1.8780149885508182,-0.758514876915882,-0.3556202039945009,0.0,0,-0.9847372127812762,0.0,1
4804,1.0,0.0,0.0,0.9411764705882352,0.9491525423728813,-0.15446315781802844,-0.18829384955230133,-0.3556202039945009,0.0,0,-0.974928615265518,0.0,1
4622,0.0,0.0,1.0,0.05882352941176472,0.06779661016949157,-0.15446315781802844,-0.18829384955230133,-0.3556201875650083,0.0,0,-0.9553114202340014,0.0,1
12192,0.0,0.0,0.0,0.823529411764706,0.7966101694915255,1.0252469906606678,1.0210789388278794,-0.3556202039945009,2.0,0,0.5159782071297406,1.0,0
4995,0.0,1.0,0.0,0.5882352941176471,0.5593220338983051,-1.8780149885508182,-0.758514876915882,-0.3556202039945009,0.0,0,-1.0926317854546173,0.0,1
4957,0.0,0.0,1.0,0.9999999999999999,0.9745762711864407,1.0252469906606678,1.0210789388278794,-0.3556202039945009,1.0,0,-0.6904792873085278,1.0,0
2228,0.0,1.0,0.0,0.2941176470588235,0.2796610169491526,-1.8780149885508182,-0.758514876915882,-0.3556202039945009,0.0,0,-1.1024403829703755,0.0,1
7480,0.0,0.0,0.0,0.9999999999999999,1.0,1.0252469906606678,1.0210789388278794,-0.3556202039945009,2.0,1,1.192771435717062,1.0,0
8147,1.0,0.0,0.0,0.05882352941176472,0.06779661016949157,1.0252469906606678,1.0210789388278794,-0.3556202039945009,1.0,0,-0.6806706897927696,1.0,0
13555,0.0,1.0,0.0,0.17647058823529405,0.14406779661016955,-0.8825951953574457,-0.758514876915882,-0.3556202039945009,2.0,0,0.4963610120982241,1.0,0
7801,0.0,0.0,0.0,0.05882352941176472,0.06779661016949157,-0.8825951953574457,-0.758514876915882,-0.3512145005915733,0.0,0,-0.9455028227182432,0.0,1
8586,0.0,1.0,0.0,0.6470588235294118,0.6610169491525424,-0.15446315781802844,-0.18829384955230133,-0.3556202039945009,1.0,0,-0.5335417270563954,1.0,0
5277,1.0,0.0,0.0,0.6470588235294118,0.6355932203389831,-1.8780149885508182,-0.758514876915882,-0.3556202039945009,0.0,0,-0.9945458102970345,0.0,1
9254,0.0,1.0,0.0,0.23529411764705876,0.22033898305084743,1.0252469906606678,1.0210789388278794,-0.3556202039945009,2.0,0,0.3099976592988168,2.0,0
4778,1.0,0.0,0.0,0.05882352941176472,0.0423728813559322,-0.15446315781802844,-0.18829384955230133,2.6984892401896214,0.0,0,-0.9356942252024848,0.0,1
11542,0.0,0.0,0.0,0.823529411764706,0.847457627118644,-0.15446315781802844,-0.18829384955230133,-0.3556202039945009,2.0,1,2.065736614619549,2.0,0
12284,0.0,1.0,0.0,0.17647058823529405,0.14406779661016955,-0.8825951953574457,-0.758514876915882,-0.3556202039945009,2.0,0,-0.1510064239418224,1.0,0
8576,0.0,0.0,0.0,0.5882352941176471,0.5847457627118644,-0.15446315781802844,-0.18829384955230133,-0.3556202039945009,2.0,1,1.751861494115284,1.0,0
6171,1.0,0.0,0.0,0.4117647058823529,0.3813559322033898,1.0252469906606678,1.0210789388278794,-0.3556202039945009,2.0,0,0.03535692885758493,1.0,0
3543,0.0,0.0,1.0,0.9411764705882352,0.923728813559322,-1.8780149885508182,-0.758514876915882,-0.3556202039945009,0.0,0,-1.0043544078127928,0.0,1
10493,0.0,0.0,0.0,0.9999999999999999,0.9745762711864407,1.0252469906606678,1.0210789388278794,-0.3556202039945009,2.0,1,2.727816946933233,3.0,0
5228,0.0,0.0,0.0,0.7647058823529412,0.7796610169491525,-0.8825951953574457,-1.9002885667362512,2.6984892401896214,0.0,0,-0.9356942252024848,0.0,1
8601,0.0,0.0,0.0,0.23529411764705876,0.22033898305084743,1.0252469906606678,1.0210789388278794,-0.3556202039945009,2.0,0,0.005931136310310085,1.0,0
4409,0.0,0.0,1.0,0.6470588235294118,0.6610169491525424,-0.15446315781802844,-0.18829384955230133,-0.3556202039945009,0.0,0,-0.974928615265518,0.0,1
7485,0.0,0.0,0.0,0.7058823529411765,0.6864406779661016,1.0252469906606678,1.0210789388278794,-0.3556202039945009,1.0,0,-0.5041159345091205,1.0,0
19225,0.0,1.0,0.0,0.05882352941176472,0.0423728813559322,-0.8825951953574457,-0.758514876915882,-0.3556202039945009,1.0,0,-0.5335417270563954,1.0,0
11201,0.0,0.0,0.0,0.823529411764706,0.847457627118644,-0.15446315781802844,-0.18829384955230133,-0.3556202039945009,2.0,0,0.4473180245194327,2.0,0
2575,0.0,0.0,0.0,0.17647058823529405,0.19491525423728817,-1.8780149885508182,-0.758514876915882,-0.3556202039945009,0.0,0,-1.112248980486134,0.0,1
4483,0.0,0.0,1.0,0.6470588235294118,0.6610169491525424,-0.8825951953574457,-1.9002885667362512,2.6984892401896214,0.0,0,-0.9356942252024848,0.0,1
12898,0.0,1.0,0.0,0.7058823529411765,0.6864406779661016,1.0252469906606678,1.0210789388278794,-0.3556202039945009,2.0,0,0.5748297922242903,1.0,0
13587,0.0,0.0,0.0,0.7647058823529412,0.7372881355932204,1.0252469906606678,1.0210789388278794,-0.3556202039945009,2.0,0,-0.32756117922547145,1.0,0
9135,0.0,0.0,1.0,0.5882352941176471,0.6101694915254237,-0.15446315781802844,-0.18829384955230133,-0.3556202039945009,2.0,1,1.7714786891468006,1.0,0
7064,0.0,1.0,0.0,0.2941176470588235,0.2627118644067796,-0.15446315781802844,-0.18829384955230133,-0.3556202039945009,2.0,1,1.7714786891468006,1.0,0
4823,1.0,0.0,0.0,0.8823529411764705,0.8728813559322035,-0.8825951953574457,-1.9002885667362512,3.061639402274888,0.0,0,-0.9258856276867266,0.0,1
7851,0.0,1.0,0.0,0.2941176470588235,0.2627118644067796,-0.15446315781802844,-0.18829384955230133,-0.3556202039945009,2.0,0,-0.33736977674122975,1.0,0
4544,0.0,1.0,0.0,0.2941176470588235,0.2796610169491526,-0.8825951953574457,-1.9002885667362512,2.6984892401896214,1.0,0,-0.9160770301709683,0.0,1
12898,0.0,1.0,0.0,0.823529411764706,0.7966101694915255,1.0252469906606678,1.0210789388278794,-0.3556202039945009,1.0,0,-0.4943073369933622,1.0,0
3873,0.0,0.0,1.0,0.3529411764705882,0.3305084745762712,-0.15446315781802844,-0.18829384955230133,-0.3556202039945009,0.0,0,-0.9651200177497596,0.0,1
13486,0.0,0.0,0.0,0.6470588235294118,0.6355932203389831,1.0252469906606678,1.0210789388278794,-0.3556202039945009,2.0,1,2.3011429549977476,2.0,0
8991,0.0,0.0,0.0,0.8823529411764705,0.8728813559322035,1.0252469906606678,1.0210789388278794,-0.3556202039945009,2.0,0,0.4473180245194327,1.0,0
14462,0.0,0.0,0.0,0.0,0.016949152542372947,1.0252469906606678,1.0210789388278794,-0.3556202039945009,2.0,1,1.9872678344934827,1.0,0
7480,0.0,0.0,0.0,0.6470588235294118,0.6355932203389831,1.0252469906606678,1.0210789388278794,-0.3556202039945009,2.0,0,0.6238727798030818,1.0,0
10262,0.0,1.0,0.0,0.9999999999999999,0.9745762711864407,1.0252469906606678,1.0210789388278794,-0.3556202039945009,2.0,0,0.19229448910971741,1.0,0
6673,0.0,0.0,0.0,0.23529411764705876,0.22033898305084743,1.0252469906606678,1.0210789388278794,-0.3556202039945009,2.0,0,-0.37660416680426284,1.0,0
10844,0.0,1.0,0.0,0.6470588235294118,0.6610169491525424,-0.15446315781802844,-0.18829384955230133,-0.3556202039945009,2.0,1,1.4772207636740522,1.0,0
13381,0.0,0.0,0.0,0.8823529411764705,0.8728813559322035,1.0252469906606678,1.0210789388278794,-0.3556202039945009,2.0,1,1.437986373611019,2.0,0
3597,0.0,0.0,1.0,0.9411764705882352,0.9491525423728813,-1.8780149885508182,-0.758514876915882,-0.3556202039945009,0.0,0,-1.0043544078127928,0.0,1
10844,0.0,1.0,0.0,0.6470588235294118,0.6610169491525424,-0.15446315781802844,-0.18829384955230133,-0.3556202039945009,2.0,1,1.3497089959691946,1.0,0
4622,0.0,0.0,1.0,0.05882352941176472,0.0423728813559322,-0.15446315781802844,-0.18829384955230133,-0.3556202039945009,0.0,0,-0.974928615265518,0.0,1
15544,0.0,1.0,0.0,0.7647058823529412,0.7372881355932204,1.0252469906606678,1.0210789388278794,-0.3556202039945009,2.0,0,-0.4354557518988125,2.0,0
4939,0.0,0.0,0.0,0.11764705882352944,0.11864406779661019,1.0252469906606678,1.0210789388278794,-0.3512145005915733,1.0,0,-0.90626843265521,0.0,1
6195,1.0,0.0,0.0,0.8823529411764705,0.8983050847457628,1.0252469906606678,1.0210789388278794,-0.3556202039945009,1.0,0,-0.592393312150945,1.0,0
6674,1.0,0.0,0.0,0.05882352941176472,0.06779661016949157,1.0252469906606678,1.0210789388278794,-0.3556202039945009,2.0,0,-0.04311185126848132,1.0,0
8372,0.0,0.0,0.0,0.823529411764706,0.7966101694915255,1.0252469906606678,1.0210789388278794,-0.3556202039945009,1.0,0,-0.5335417270563954,1.0,0
4030,0.0,1.0,0.0,0.7058823529411765,0.6864406779661016,-0.8825951953574457,-1.9002885667362512,3.061639402274888,0.0,0,-0.9258856276867266,0.0,1
3419,1.0,0.0,0.0,0.9411764705882352,0.9491525423728813,-0.8825951953574457,-1.9002885667362512,2.6984892401896214,0.0,0,-0.9356942252024848,0.0,1
4804,1.0,0.0,0.0,0.47058823529411764,0.4576271186440678,-0.15446315781802844,-0.18829384955230133,-0.3556202039945009,0.0,0,-0.9651200177497596,0.0,1
5678,0.0,1.0,0.0,0.7058823529411765,0.7118644067796611,-1.8780149885508182,-0.758514876915882,-0.3556202039945009,0.0,0,-1.0926317854546173,0.0,1
3384,1.0,0.0,0.0,0.17647058823529405,0.1694915254237288,-1.8780149885508182,-0.758514876915882,-0.3556202039945009,0.0,0,-0.9945458102970345,0.0,1
11087,0.0,1.0,0.0,0.17647058823529405,0.14406779661016955,-0.8825951953574457,-0.758514876915882,-0.3556202039945009,2.0,0,0.6238727798030818,1.0,0
6906,1.0,0.0,0.0,0.3529411764705882,0.35593220338983056,-0.8825951953574457,-1.9002885667362512,2.6984892401896214,0.0,0,-0.9356942252024848,0.0,1
11753,0.0,0.0,0.0,0.5882352941176471,0.5847457627118644,1.0252469906606678,1.0210789388278794,-0.3556202039945009,2.0,0,-0.2883267891624383,2.0,0
11185,0.0,0.0,0.0,0.9999999999999999,0.9745762711864407,1.0252469906606678,1.0210789388278794,-0.3556202039945009,2.0,1,1.8303302742413503,2.0,0
8855,0.0,0.0,1.0,0.5882352941176471,0.6101694915254237,-0.15446315781802844,-0.18829384955230133,-0.3556202039945009,2.0,0,-0.37660416680426284,1.0,0
3687,0.0,0.0,1.0,0.5294117647058824,0.5169491525423728,-1.8780149885508182,-0.758514876915882,-0.3556202039945009,0.0,0,-1.0043544078127928,0.0,1
7952,0.0,0.0,0.0,0.823529411764706,0.8220338983050848,1.0252469906606678,1.0210789388278794,-0.3556202039945009,2.0,0,0.23152887917275053,1.0,0
11087,0.0,1.0,0.0,0.11764705882352944,0.09322033898305082,-0.8825951953574457,-0.758514876915882,-0.3556202039945009,1.0,0,-0.5531589220879118,1.0,0
7064,0.0,1.0,0.0,0.2941176470588235,0.2627118644067796,-0.15446315781802844,-0.18829384955230133,-0.3556202039945009,2.0,1,1.643966921441943,1.0,0
13731,0.0,1.0,0.0,0.7058823529411765,0.7118644067796611,-0.15446315781802844,-0.18829384955230133,-0.3556202039945009,2.0,0,0.17267729407820084,1.0,0
11150,0.0,1.0,0.0,0.9999999999999999,1.0,1.0252469906606678,1.0210789388278794,-0.3556202039945009,2.0,1,1.4576035686425355,2.0,0
3943,1.0,0.0,0.0,0.2941176470588235,0.2627118644067796,-0.8825951953574457,-1.9002885667362512,2.6984892401896214,0.0,0,-0.9356942252024848,0.0,1
8759,0.0,0.0,1.0,0.823529411764706,0.847457627118644,1.0252469906606678,1.0210789388278794,-0.3556202039945009,2.0,0,-0.347178374256988,1.0,0
12284,0.0,1.0,0.0,0.17647058823529405,0.14406779661016955,-0.8825951953574457,-0.758514876915882,-0.3556202039945009,2.0,0,-0.4844987394776039,1.0,0
3911,0.0,0.0,1.0,0.5882352941176471,0.5593220338983051,-1.8780149885508182,-0.758514876915882,-0.3556202039945009,0.0,0,-1.0043544078127928,0.0,1
6478,0.0,1.0,0.0,0.9999999999999999,1.0,-0.8825951953574457,-1.9002885667362512,2.6984892401896214,1.0,0,-0.9160770301709683,0.0,1
12476,0.0,0.0,1.0,0.0,0.016949152542372947,-0.8825951953574457,-0.758514876915882,-0.3556202039945009,2.0,1,1.997076432009241,1.0,0
5733,1.0,0.0,0.0,0.23529411764705876,0.22033898305084743,1.0252469906606678,1.0210789388278794,-0.3556202039945009,1.0,0,-0.592393312150945,1.0,0
6653,0.0,0.0,0.0,0.17647058823529405,0.1694915254237288,1.0252469906606678,1.0210789388278794,-0.3556202039945009,2.0,0,-0.31775258170971316,2.0,0
7229,0.0,1.0,0.0,0.2941176470588235,0.30508474576271194,-0.8825951953574457,-1.9002885667362512,2.6984892401896214,1.0,0,-0.9160770301709683,0.0,1
17261,0.0,1.0,0.0,0.05882352941176472,0.0423728813559322,-0.8825951953574457,-0.758514876915882,-0.3556202039945009,2.0,0,0.09420851395213461,1.0,0
4148,1.0,0.0,0.0,0.23529411764705876,0.22033898305084743,-0.15446315781802844,-0.18829384955230133,-0.3512145005915733,0.0,0,-0.9455028227182432,0.0,1
7353,0.0,0.0,1.0,0.6470588235294118,0.6610169491525424,1.0252469906606678,1.0210789388278794,-0.3556202039945009,2.0,0,0.42770082948791616,1.0,0
11682,0.0,0.0,1.0,0.17647058823529405,0.19491525423728817,-0.15446315781802844,-0.18829384955230133,-0.3556202039945009,2.0,1,1.791095884178317,1.0,0
12242,0.0,1.0,0.0,0.23529411764705876,0.22033898305084743,1.0252469906606678,1.0210789388278794,-0.3556202039945009,2.0,0,0.005931136310310085,1.0,0
7229,0.0,1.0,0.0,0.2941176470588235,0.2627118644067796,-0.8825951953574457,-1.9002885667362512,-0.3512145005915733,0.0,0,-0.9455028227182432,0.0,1
12352,0.0,0.0,0.0,0.17647058823529405,0.19491525423728817,-0.15446315781802844,-0.18829384955230133,-0.3556202039945009,2.0,1,1.1044940580752376,2.0,0
13044,0.0,1.0,0.0,0.8823529411764705,0.8728813559322035,-0.15446315781802844,-0.18829384955230133,-0.3556202039945009,2.0,1,1.4772207636740522,1.0,0
12121,0.0,1.0,0.0,0.7058823529411765,0.7118644067796611,-0.15446315781802844,-0.18829384955230133,-0.3556202039945009,2.0,1,2.1245881997140987,1.0,0
13576,0.0,0.0,0.0,0.0,0.0,-0.8825951953574457,-0.758514876915882,-0.3556202039945009,2.0,0,0.6532985723503566,2.0,0
3807,0.0,0.0,1.0,0.9999999999999999,0.9745762711864407,-0.15446315781802844,-0.18829384955230133,-0.3556202039945009,0.0,0,-0.974928615265518,0.0,1
5911,0.0,0.0,0.0,0.2941176470588235,0.2627118644067796,-0.8825951953574457,-1.9002885667362512,2.6984892401896214,0.0,0,-0.9356942252024848,0.0,1
15764,0.0,1.0,0.0,0.05882352941176472,0.0423728813559322,1.0252469906606678,1.0210789388278794,-0.3556202039945009,2.0,0,0.4375094270036744,1.0,0
6795,0.0,0.0,0.0,0.823529411764706,0.847457627118644,1.0252469906606678,1.0210789388278794,-0.3556202039945009,2.0,0,0.22172028165699226,1.0,0
15164,0.0,0.0,0.0,0.5294117647058824,0.5169491525423728,-0.15446315781802844,-0.18829384955230133,-0.3556202039945009,2.0,1,0.7611931450236977,2.0,0
3943,1.0,0.0,0.0,0.5294117647058824,0.5169491525423728,-0.8825951953574457,-1.9002885667362512,2.6984892401896214,0.0,0,-0.9356942252024848,0.0,1
13882,0.0,1.0,0.0,0.823529411764706,0.847457627118644,1.0252469906606678,1.0210789388278794,-0.3556202039945009,2.0,0,0.4963610120982241,2.0,0
12898,0.0,1.0,0.0,0.7647058823529412,0.7372881355932204,1.0252469906606678,1.0210789388278794,-0.3556202039945009,2.0,1,1.2418144232958535,1.0,0
14388,0.0,1.0,0.0,0.6470588235294118,0.6610169491525424,-0.15446315781802844,-0.18829384955230133,-0.3556202039945009,2.0,1,0.8690877176970387,1.0,0
8603,0.0,0.0,0.0,0.9999999999999999,1.0,1.0252469906606678,1.0210789388278794,-0.3556202039945009,2.0,0,-0.415838556867296,2.0,0
11134,0.0,1.0,0.0,0.17647058823529405,0.19491525423728817,-0.15446315781802844,-0.18829384955230133,-0.3556202039945009,2.0,1,1.8793732618201417,1.0,0
13081,0.0,0.0,0.0,0.0,0.0,-0.8825951953574457,-0.758514876915882,-0.3556202039945009,2.0,1,1.9087990543674165,3.0,0
7480,0.0,0.0,0.0,0.6470588235294118,0.6610169491525424,1.0252469906606678,1.0210789388278794,-0.3556202039945009,2.0,1,1.192771435717062,1.0,0
1965,0.0,0.0,1.0,0.5294117647058824,0.5338983050847457,-1.8780149885508182,-0.758514876915882,-0.3556202039945009,0.0,0,-1.0926317854546173,0.0,1
6314,1.0,0.0,0.0,0.823529411764706,0.847457627118644,1.0252469906606678,1.0210789388278794,-0.3556202039945009,2.0,0,-0.04311185126848132,1.0,0
13538,0.0,0.0,0.0,0.6470588235294118,0.6355932203389831,1.0252469906606678,1.0210789388278794,-0.3556202039945009,2.0,1,0.8887049127285553,2.0,0
7618,0.0,0.0,0.0,0.7647058823529412,0.7372881355932204,1.0252469906606678,1.0210789388278794,-0.3556202039945009,2.0,0,0.143251501530926,1.0,0
11982,0.0,0.0,1.0,0.8823529411764705,0.8728813559322035,-1.8780149885508182,-0.758514876915882,-0.3556202039945009,0.0,0,-0.9945458102970345,0.0,1
15532,0.0,0.0,0.0,0.5294117647058824,0.5169491525423728,-0.15446315781802844,-0.18829384955230133,-0.3556202039945009,2.0,1,2.065736614619549,2.0,0
3971,0.0,0.0,1.0,0.823529411764706,0.847457627118644,-0.8825951953574457,-1.9002885667362512,3.061639402274888,0.0,0,-0.9258856276867266,0.0,1
4668,0.0,0.0,1.0,0.7058823529411765,0.7118644067796611,-0.8825951953574457,-1.9002885667362512,-0.3556201875650083,0.0,0,-0.9553114202340014,0.0,1
11936,0.0,0.0,0.0,0.7058823529411765,0.6864406779661016,-0.15446315781802844,-0.18829384955230133,-0.3556202039945009,2.0,0,0.5454039996770155,1.0,0
11467,0.0,1.0,0.0,0.5294117647058824,0.5169491525423728,-0.15446315781802844,-0.18829384955230133,-0.3556202039945009,2.0,1,1.5753067388316349,1.0,0
3100,0.0,0.0,0.0,0.17647058823529405,0.1694915254237288,-1.8780149885508182,-0.758514876915882,-0.3556202039945009,0.0,0,-1.112248980486134,0.0,1
7480,0.0,0.0,0.0,0.6470588235294118,0.6355932203389831,1.0252469906606678,1.0210789388278794,-0.3556202039945009,2.0,0,0.23152887917275053,1.0,0
13029,0.0,1.0,0.0,0.5882352941176471,0.5847457627118644,1.0252469906606678,1.0210789388278794,-0.3556202039945009,2.0,0,-0.17062361897333897,2.0,0
3383,0.0,0.0,1.0,0.9411764705882352,0.923728813559322,-0.8825951953574457,-1.9002885667362512,2.6984892401896214,0.0,0,-0.9356942252024848,0.0,1
12395,0.0,0.0,1.0,0.05882352941176472,0.0423728813559322,-1.8780149885508182,-0.758514876915882,-0.3556202039945009,2.0,1,1.0652596680122044,1.0,0
9397,0.0,0.0,1.0,0.823529411764706,0.847457627118644,-0.15446315781802844,-0.18829384955230133,-0.3556202039945009,2.0,0,0.42770082948791616,1.0,0
4823,1.0,0.0,0.0,0.7058823529411765,0.7118644067796611,-0.8825951953574457,-1.9002885667362512,2.6984892401896214,0.0,0,-0.9356942252024848,0.0,1
12718,0.0,0.0,0.0,0.7058823529411765,0.7118644067796611,-0.15446315781802844,-0.18829384955230133,-0.3556202039945009,2.0,0,0.6042555847715652,2.0,0
8066,0.0,1.0,0.0,0.5882352941176471,0.5593220338983051,-0.15446315781802844,-0.18829384955230133,-0.3556202039945009,2.0,0,0.3001890617830585,1.0,0
3858,1.0,0.0,0.0,0.5882352941176471,0.6101694915254237,-1.8780149885508182,-0.758514876915882,-0.3556202039945009,0.0,0,-0.9945458102970345,0.0,1
11789,0.0,0.0,0.0,0.8823529411764705,0.8983050847457628,1.0252469906606678,1.0210789388278794,-0.3556202039945009,2.0,0,-0.2490923990994052,1.0,0
12681,0.0,1.0,0.0,0.2941176470588235,0.2627118644067796,-0.15446315781802844,-0.18829384955230133,-0.3556202039945009,2.0,0,-0.4354557518988125,1.0,0
7757,0.0,1.0,0.0,0.5882352941176471,0.5847457627118644,-0.15446315781802844,-0.18829384955230133,-0.3556202039945009,2.0,1,0.8690877176970387,1.0,0
13067,0.0,1.0,0.0,0.5882352941176471,0.5593220338983051,-0.15446315781802844,-0.18829384955230133,-0.3556202039945009,2.0,1,1.8107130792098336,1.0,0
5406,0.0,1.0,0.0,0.23529411764705876,0.22033898305084743,1.0252469906606678,1.0210789388278794,-0.3556202039945009,2.0,1,1.820521676725592,1.0,0
14571,0.0,1.0,0.0,0.823529411764706,0.8220338983050848,-0.15446315781802844,-0.18829384955230133,-0.3556202039945009,2.0,0,0.18248589159395914,1.0,0
8586,0.0,1.0,0.0,0.7058823529411765,0.7118644067796611,-0.15446315781802844,-0.18829384955230133,-0.3556202039945009,2.0,1,1.3399003984534361,1.0,0
16079,0.0,1.0,0.0,0.7647058823529412,0.7372881355932204,1.0252469906606678,1.0210789388278794,-0.3556202039945009,1.0,0,-0.5629675196036702,1.0,0
6961,0.0,0.0,0.0,0.9999999999999999,0.9745762711864407,-0.8825951953574457,-1.9002885667362512,2.6984892401896214,0.0,0,-0.9356942252024848,0.0,1
10539,0.0,1.0,0.0,0.8823529411764705,0.8728813559322035,-0.15446315781802844,-0.18829384955230133,-0.3556202039945009,2.0,0,0.2021030866254757,1.0,0
4319,0.0,0.0,1.0,0.5882352941176471,0.6101694915254237,-0.8825951953574457,-1.9002885667362512,2.6984892401896214,0.0,0,-0.9356942252024848,0.0,1
11200,0.0,0.0,0.0,0.7647058823529412,0.7796610169491525,1.0252469906606678,1.0210789388278794,-0.3556202039945009,2.0,0,0.08439991643637633,1.0,0
3543,0.0,0.0,1.0,0.5294117647058824,0.5169491525423728,-1.8780149885508182,-0.758514876915882,-0.3556202039945009,0.0,0,-1.0043544078127928,0.0,1
12898,0.0,1.0,0.0,0.7058823529411765,0.6864406779661016,1.0252469906606678,1.0210789388278794,-0.3556202039945009,2.0,1,0.8985135102443136,1.0,0
8586,0.0,1.0,0.0,0.5882352941176471,0.5593220338983051,-0.15446315781802844,-0.18829384955230133,-0.3556202039945009,2.0,1,1.9774592369777244,1.0,0
5298,1.0,0.0,0.0,0.6470588235294118,0.6355932203389831,1.0252469906606678,1.0210789388278794,-0.3556202039945009,1.0,0,-0.6414362997297364,1.0,0
5403,0.0,0.0,1.0,0.17647058823529405,0.19491525423728817,-0.8825951953574457,-0.758514876915882,-0.3556201875650083,0.0,0,-0.9553114202340014,0.0,1
3943,1.0,0.0,0.0,0.9999999999999999,1.0,-0.8825951953574457,-1.9002885667362512,2.6984892401896214,0.0,0,-0.9356942252024848,0.0,1
11507,0.0,1.0,0.0,0.823529411764706,0.8220338983050848,1.0252469906606678,1.0210789388278794,-0.3556202039945009,2.0,0,0.3198062568145751,2.0,0
3898,0.0,0.0,1.0,0.5294117647058824,0.5338983050847457,-0.8825951953574457,-1.9002885667362512,2.6984892401896214,0.0,0,-0.9356942252024848,0.0,1
6860,1.0,0.0,0.0,0.17647058823529405,0.19491525423728817,-0.8825951953574457,-0.758514876915882,3.061639402274888,0.0,0,-0.9258856276867266,0.0,1
6565,1.0,0.0,0.0,0.0,0.0,-0.15446315781802844,-0.18829384955230133,-0.3556202039945009,0.0,0,-0.9651200177497596,0.0,1
7438,0.0,1.0,0.0,0.17647058823529405,0.1694915254237288,1.0252469906606678,1.0210789388278794,-0.3556202039945009,2.0,0,0.5454039996770155,1.0,0
8372,0.0,0.0,0.0,0.823529411764706,0.847457627118644,1.0252469906606678,1.0210789388278794,-0.3556202039945009,2.0,1,1.467412166158294,1.0,0
5999,0.0,0.0,0.0,0.17647058823529405,0.1694915254237288,1.0252469906606678,1.0210789388278794,-0.3556202039945009,2.0,0,-0.3569869717727463,1.0,0
3873,0.0,0.0,1.0,0.3529411764705882,0.35593220338983056,-0.15446315781802844,-0.18829384955230133,-0.3556202039945009,0.0,0,-0.974928615265518,0.0,1
9663,0.0,1.0,0.0,0.6470588235294118,0.6610169491525424,-0.15446315781802844,-0.18829384955230133,-0.3556202039945009,2.0,1,1.9774592369777244,1.0,0
4483,0.0,0.0,1.0,0.5882352941176471,0.6101694915254237,-0.8825951953574457,-1.9002885667362512,2.6984892401896214,0.0,0,-0.9356942252024848,0.0,1
13727,0.0,0.0,0.0,0.6470588235294118,0.6355932203389831,1.0252469906606678,1.0210789388278794,-0.3556202039945009,2.0,0,0.08439991643637633,1.0,0
10197,0.0,0.0,0.0,0.7647058823529412,0.7372881355932204,1.0252469906606678,1.0210789388278794,-0.3556202039945009,2.0,0,-0.23928380158364693,1.0,0
4332,1.0,0.0,0.0,0.6470588235294118,0.6610169491525424,-1.8780149885508182,-0.758514876915882,-0.3556202039945009,0.0,0,-0.9847372127812762,0.0,1
6151,0.0,0.0,1.0,0.23529411764705876,0.22033898305084743,1.0252469906606678,1.0210789388278794,-0.3556202039945009,1.0,0,-0.6512448972454947,1.0,0
3807,0.0,0.0,1.0,0.9999999999999999,0.9745762711864407,-0.15446315781802844,-0.18829384955230133,-0.3556202039945009,0.0,0,-0.974928615265518,0.0,1
7268,0.0,0.0,0.0,0.9999999999999999,1.0,1.0252469906606678,1.0210789388278794,-0.3556202039945009,1.0,0,-0.5139245320248788,1.0,0
12192,0.0,0.0,0.0,0.8823529411764705,0.8983050847457628,1.0252469906606678,1.0210789388278794,-0.3556202039945009,2.0,0,0.025548331341826647,1.0,0
7452,0.0,0.0,0.0,0.5882352941176471,0.5847457627118644,-0.15446315781802844,-0.18829384955230133,-0.3556202039945009,2.0,0,0.05497412388910149,1.0,0
6752,0.0,0.0,1.0,0.7647058823529412,0.7372881355932204,1.0252469906606678,1.0210789388278794,-0.3556202039945009,2.0,0,0.35904064687760817,1.0,0
9794,0.0,0.0,0.0,0.6470588235294118,0.6355932203389831,1.0252469906606678,1.0210789388278794,-0.3556202039945009,2.0,0,0.2609546717200254,1.0,0
10844,0.0,1.0,0.0,0.7058823529411765,0.6864406779661016,-0.15446315781802844,-0.18829384955230133,-0.3556202039945009,2.0,0,-0.2490923990994052,1.0,0
11753,0.0,0.0,0.0,0.8823529411764705,0.8728813559322035,1.0252469906606678,1.0210789388278794,-0.3556202039945009,2.0,1,1.1731542406855455,2.0,0
13790,1.0,0.0,0.0,0.0,0.016949152542372947,1.0252469906606678,1.0210789388278794,-0.3556202039945009,1.0,0,-0.5727761171194284,1.0,0
7575,0.0,0.0,0.0,0.5882352941176471,0.5847457627118644,1.0252469906606678,1.0210789388278794,-0.3556202039945009,2.0,0,0.41789223197215786,1.0,0
13999,1.0,0.0,0.0,0.0,0.0,-1.8780149885508182,-0.758514876915882,-0.3556202039945009,0.0,0,-1.0926317854546173,0.0,1
4851,0.0,0.0,1.0,0.23529411764705876,0.22033898305084743,1.0252469906606678,1.0210789388278794,-0.3556201875650083,1.0,0,-0.8964598351394517,0.0,1
3597,0.0,0.0,1.0,0.5882352941176471,0.5593220338983051,-1.8780149885508182,-0.758514876915882,-0.3556202039945009,0.0,0,-0.9945458102970345,0.0,1
11297,0.0,1.0,0.0,0.11764705882352944,0.09322033898305082,-0.8825951953574457,-0.758514876915882,-0.3556202039945009,1.0,0,-0.5041159345091205,1.0,0
10031,0.0,1.0,0.0,0.17647058823529405,0.19491525423728817,-0.15446315781802844,-0.18829384955230133,-0.3556202039945009,2.0,1,1.8891818593359,1.0,0
4174,1.0,0.0,0.0,0.4117647058823529,0.3813559322033898,-0.15446315781802844,-0.18829384955230133,-0.3556202039945009,0.0,0,-0.9651200177497596,0.0,1
27282,0.0,0.0,0.0,0.0,0.016949152542372947,1.0252469906606678,1.0210789388278794,-0.3556202039945009,2.0,0,0.29038046426730024,1.0,0
16111,0.0,0.0,0.0,0.05882352941176472,0.06779661016949157,1.0252469906606678,1.0210789388278794,-0.3556202039945009,2.0,1,1.467412166158294,2.0,0
4050,0.0,1.0,0.0,0.05882352941176472,0.06779661016949157,-1.8780149885508182,-0.758514876915882,-0.3556202039945009,0.0,0,-1.0926317854546173,0.0,1
4591,1.0,0.0,0.0,0.5882352941176471,0.6101694915254237,-0.8825951953574457,-1.9002885667362512,2.6984892401896214,0.0,0,-0.9356942252024848,0.0,1
3943,1.0,0.0,0.0,0.7647058823529412,0.7372881355932204,-0.8825951953574457,-1.9002885667362512,2.6984892401896214,0.0,0,-0.9356942252024848,0.0,1
11753,0.0,0.0,0.0,0.9999999999999999,0.9745762711864407,1.0252469906606678,1.0210789388278794,-0.3556202039945009,2.0,0,-0.2883267891624383,2.0,0
10844,0.0,1.0,0.0,0.7058823529411765,0.7118644067796611,-0.15446315781802844,-0.18829384955230133,-0.3556202039945009,1.0,0,-0.5531589220879118,1.0,0
11546,0.0,1.0,0.0,0.3529411764705882,0.3305084745762712,1.0252469906606678,1.0210789388278794,-0.3556202039945009,2.0,1,0.9671736928546215,2.0,0
14388,0.0,1.0,0.0,0.5294117647058824,0.5169491525423728,-0.15446315781802844,-0.18829384955230133,-0.3556202039945009,2.0,1,1.6635841164734595,1.0,0
10678,0.0,0.0,0.0,0.9999999999999999,0.9745762711864407,1.0252469906606678,1.0210789388278794,-0.3556202039945009,2.0,0,0.388466439424883,1.0,0
6496,1.0,0.0,0.0,0.9999999999999999,0.9745762711864407,1.0252469906606678,1.0210789388278794,-0.3556202039945009,1.0,0,-0.6904792873085278,1.0,0
7845,0.0,0.0,0.0,0.23529411764705876,0.22033898305084743,1.0252469906606678,1.0210789388278794,-0.3556202039945009,1.0,0,-0.4943073369933622,1.0,0
7354,0.0,0.0,0.0,0.823529411764706,0.7966101694915255,1.0252469906606678,1.0210789388278794,-0.3556202039945009,2.0,0,-0.347178374256988,1.0,0
9794,0.0,0.0,0.0,0.5294117647058824,0.5169491525423728,1.0252469906606678,1.0210789388278794,-0.3556202039945009,2.0,0,-0.2490923990994052,1.0,0
9555,0.0,0.0,1.0,0.823529411764706,0.847457627118644,-0.15446315781802844,-0.18829384955230133,-0.3556202039945009,2.0,0,0.28057186675154194,1.0,0
13067,0.0,1.0,0.0,0.7058823529411765,0.7118644067796611,-0.15446315781802844,-0.18829384955230133,-0.3556202039945009,2.0,0,0.3001890617830585,1.0,0
3971,0.0,0.0,1.0,0.3529411764705882,0.3305084745762712,-0.8825951953574457,-1.9002885667362512,-0.3556201875650083,0.0,0,-0.9553114202340014,0.0,1
26890,0.0,1.0,0.0,0.0,0.0,-0.8825951953574457,-0.758514876915882,-0.3556202039945009,2.0,0,0.5944469872558069,1.0,0
11134,0.0,1.0,0.0,0.17647058823529405,0.19491525423728817,-0.15446315781802844,-0.18829384955230133,-0.3556202039945009,2.0,0,-0.47469014196184567,1.0,0
14781,0.0,1.0,0.0,0.5882352941176471,0.6101694915254237,-0.15446315781802844,-0.18829384955230133,-0.3556202039945009,1.0,0,-0.592393312150945,1.0,0
3100,0.0,0.0,0.0,0.7058823529411765,0.7118644067796611,-1.8780149885508182,-0.758514876915882,-0.3556202039945009,0.0,0,-1.0926317854546173,0.0,1
12351,1.0,0.0,0.0,0.05882352941176472,0.06779661016949157,1.0252469906606678,1.0210789388278794,-0.3556202039945009,2.0,0,0.41789223197215786,1.0,0
5769,0.0,1.0,0.0,0.9411764705882352,0.9491525423728813,-0.8825951953574457,-1.9002885667362512,3.061639402274888,0.0,0,-0.9258856276867266,0.0,1
5199,0.0,0.0,1.0,0.823529411764706,0.847457627118644,1.0252469906606678,1.0210789388278794,-0.3556202039945009,2.0,0,-0.3667955692885046,1.0,0
4544,0.0,1.0,0.0,0.4117647058823529,0.43220338983050854,-0.8825951953574457,-1.9002885667362512,-0.3512145005915733,0.0,0,-0.9455028227182432,0.0,1
3850,1.0,0.0,0.0,0.17647058823529405,0.14406779661016955,-1.8780149885508182,-0.758514876915882,-0.3556202039945009,0.0,0,-0.9945458102970345,0.0,1
12599,0.0,0.0,0.0,0.0,0.016949152542372947,-0.8825951953574457,-0.758514876915882,-0.3556202039945009,2.0,1,2.075545212135307,2.0,0
8610,0.0,0.0,1.0,0.823529411764706,0.8220338983050848,-0.15446315781802844,-0.18829384955230133,-0.3556202039945009,1.0,0,-0.5139245320248788,1.0,0
8479,0.0,0.0,1.0,0.5882352941176471,0.5593220338983051,-0.15446315781802844,-0.18829384955230133,-0.3556202039945009,2.0,0,-0.415838556867296,1.0,0
10844,0.0,1.0,0.0,0.823529411764706,0.8220338983050848,-0.15446315781802844,-0.18829384955230133,-0.3556202039945009,2.0,0,0.17267729407820084,1.0,0
4049,1.0,0.0,0.0,0.17647058823529405,0.1694915254237288,-1.8780149885508182,-0.758514876915882,-0.3556202039945009,0.0,0,-1.1024403829703755,0.0,1
8656,0.0,0.0,0.0,0.23529411764705876,0.22033898305084743,1.0252469906606678,1.0210789388278794,-0.3556202039945009,2.0,1,1.859756066788625,2.0,0
6795,0.0,0.0,0.0,0.823529411764706,0.847457627118644,1.0252469906606678,1.0210789388278794,-0.3556202039945009,2.0,0,0.35904064687760817,1.0,0
4423,1.0,0.0,0.0,0.8823529411764705,0.8983050847457628,-0.8825951953574457,-1.9002885667362512,2.6984892401896214,0.0,0,-0.9356942252024848,0.0,1
7845,0.0,0.0,0.0,0.23529411764705876,0.22033898305084743,1.0252469906606678,1.0210789388278794,-0.3556202039945009,2.0,0,-0.1510064239418224,1.0,0
8855,0.0,0.0,1.0,0.7058823529411765,0.7118644067796611,-0.15446315781802844,-0.18829384955230133,-0.3556202039945009,2.0,0,-0.37660416680426284,1.0,0
8488,0.0,0.0,1.0,0.05882352941176472,0.0423728813559322,1.0252469906606678,1.0210789388278794,-0.3556202039945009,1.0,0,-0.7395222748873193,1.0,0
20064,0.0,1.0,0.0,0.0,0.016949152542372947,1.0252469906606678,1.0210789388278794,-0.3556202039945009,2.0,1,2.727816946933233,2.0,0
4823,1.0,0.0,0.0,0.5294117647058824,0.5338983050847457,-0.8825951953574457,-1.9002885667362512,3.061639402274888,0.0,0,-0.9258856276867266,0.0,1
14714,0.0,1.0,0.0,0.7647058823529412,0.7796610169491525,1.0252469906606678,1.0210789388278794,-0.3556202039945009,2.0,0,-0.09215483884727271,1.0,0
16914,0.0,1.0,0.0,0.05882352941176472,0.06779661016949157,1.0252469906606678,1.0210789388278794,-0.3556202039945009,2.0,1,1.437986373611019,2.0,0
5192,0.0,0.0,1.0,0.8823529411764705,0.8728813559322035,-0.15446315781802844,-0.18829384955230133,-0.3556202039945009,2.0,0,0.6042555847715652,1.0,0
6979,1.0,0.0,0.0,0.6470588235294118,0.6355932203389831,1.0252469906606678,1.0210789388278794,-0.3556202039945009,2.0,0,0.48655241458246584,1.0,0
6121,0.0,0.0,0.0,0.4117647058823529,0.3813559322033898,-0.8825951953574457,-1.9002885667362512,-0.3512145005915733,0.0,0,-0.9455028227182432,0.0,1
3898,0.0,0.0,1.0,0.5882352941176471,0.6101694915254237,-0.8825951953574457,-1.9002885667362512,3.061639402274888,0.0,0,-0.9258856276867266,0.0,1
3971,0.0,0.0,1.0,0.2941176470588235,0.2796610169491526,-0.8825951953574457,-1.9002885667362512,2.6984892401896214,0.0,0,-0.9356942252024848,0.0,1
3841,0.0,0.0,1.0,0.5294117647058824,0.5338983050847457,-0.15446315781802844,-0.18829384955230133,-0.3556202039945009,0.0,0,-0.9651200177497596,0.0,1
14714,0.0,1.0,0.0,0.7647058823529412,0.7796610169491525,1.0252469906606678,1.0210789388278794,-0.3556202039945009,2.0,0,-0.20985800903637208,1.0,0
17261,0.0,1.0,0.0,0.05882352941176472,0.0423728813559322,-0.8825951953574457,-0.758514876915882,-0.3556202039945009,2.0,0,0.6238727798030818,1.0,0
5403,0.0,0.0,1.0,0.47058823529411764,0.48305084745762716,-0.8825951953574457,-1.9002885667362512,2.6984892401896214,0.0,0,-0.9356942252024848,0.0,1
12273,0.0,1.0,0.0,0.17647058823529405,0.1694915254237288,1.0252469906606678,1.0210789388278794,-0.3556202039945009,2.0,1,1.3300918009376779,2.0,0
3841,0.0,0.0,1.0,0.47058823529411764,0.4576271186440678,-0.15446315781802844,-0.18829384955230133,-0.3556202039945009,0.0,0,-0.9651200177497596,0.0,1
14053,0.0,1.0,0.0,0.05882352941176472,0.06779661016949157,1.0252469906606678,1.0210789388278794,-0.3556202039945009,2.0,1,1.6243497264104263,1.0,0
9535,0.0,0.0,0.0,0.05882352941176472,0.0423728813559322,-1.8780149885508182,-0.758514876915882,-0.3556202039945009,2.0,0,0.2609546717200254,1.0,0
7563,0.0,0.0,0.0,0.05882352941176472,0.0423728813559322,1.0252469906606678,1.0210789388278794,-0.3556202039945009,2.0,0,-0.20985800903637208,1.0,0
9417,0.0,0.0,0.0,0.05882352941176472,0.0423728813559322,1.0252469906606678,1.0210789388278794,-0.3556202039945009,2.0,0,0.63368137731884,2.0,0
8098,0.0,1.0,0.0,0.23529411764705876,0.22033898305084743,1.0252469906606678,1.0210789388278794,-0.3556202039945009,2.0,1,2.727816946933233,2.0,0
5883,0.0,0.0,0.0,0.23529411764705876,0.22033898305084743,1.0252469906606678,1.0210789388278794,-0.3556202039945009,2.0,0,-0.3569869717727463,1.0,0
16108,0.0,0.0,0.0,0.7647058823529412,0.7796610169491525,1.0252469906606678,1.0210789388278794,-0.3556202039945009,2.0,0,0.05497412388910149,1.0,0
6494,1.0,0.0,0.0,0.23529411764705876,0.22033898305084743,1.0252469906606678,1.0210789388278794,-0.3556202039945009,2.0,0,0.23152887917275053,2.0,0
14848,0.0,0.0,0.0,0.8823529411764705,0.8728813559322035,1.0252469906606678,1.0210789388278794,-0.3556202039945009,2.0,0,-0.18043221648909724,1.0,0
1965,0.0,0.0,1.0,0.5294117647058824,0.5338983050847457,-1.8780149885508182,-0.758514876915882,-0.3556202039945009,0.0,0,-1.0926317854546173,0.0,1
5224,1.0,0.0,0.0,0.5294117647058824,0.5338983050847457,-0.15446315781802844,-0.18829384955230133,-0.3556202039945009,0.0,0,-0.974928615265518,0.0,1
6297,1.0,0.0,0.0,0.11764705882352944,0.11864406779661019,-1.8780149885508182,-0.758514876915882,-0.3556202039945009,0.0,0,-0.9847372127812762,0.0,1
10262,0.0,1.0,0.0,0.823529411764706,0.8220338983050848,1.0252469906606678,1.0210789388278794,-0.3556202039945009,2.0,0,0.13344290401516773,1.0,0
5694,1.0,0.0,0.0,0.17647058823529405,0.1694915254237288,-0.8825951953574457,-0.758514876915882,2.6984892401896214,0.0,0,-0.9356942252024848,0.0,1
11467,0.0,1.0,0.0,0.6470588235294118,0.6355932203389831,-0.15446315781802844,-0.18829384955230133,-0.3556202039945009,2.0,1,1.2516230208116117,1.0,0
7670,0.0,0.0,0.0,0.6470588235294118,0.6610169491525424,1.0252469906606678,1.0210789388278794,-0.3556202039945009,2.0,0,0.4963610120982241,1.0,0
15428,0.0,0.0,0.0,0.0,0.016949152542372947,1.0252469906606678,1.0210789388278794,-0.3556202039945009,2.0,1,1.7616700916310424,2.0,0
3573,0.0,0.0,1.0,0.2941176470588235,0.2627118644067796,-0.8825951953574457,-1.9002885667362512,3.061639402274888,0.0,0,-0.9258856276867266,0.0,1
4544,0.0,1.0,0.0,0.2941176470588235,0.2627118644067796,-0.8825951953574457,-1.9002885667362512,-0.3512145005915733,1.0,0,-0.90626843265521,0.0,1
6794,1.0,0.0,0.0,0.7058823529411765,0.6864406779661016,1.0252469906606678,1.0210789388278794,-0.3556202039945009,2.0,0,-0.2883267891624383,1.0,0
12284,0.0,1.0,0.0,0.17647058823529405,0.14406779661016955,-0.8825951953574457,-0.758514876915882,-0.3556202039945009,2.0,0,0.22172028165699226,1.0,0
5406,0.0,1.0,0.0,0.2941176470588235,0.2627118644067796,1.0252469906606678,1.0210789388278794,-0.3556202039945009,2.0,1,1.859756066788625,1.0,0
13587,0.0,0.0,0.0,0.8823529411764705,0.8728813559322035,1.0252469906606678,1.0210789388278794,-0.3556202039945009,2.0,0,-0.1510064239418224,1.0,0
6961,0.0,0.0,0.0,0.9999999999999999,0.9745762711864407,-0.8825951953574457,-1.9002885667362512,2.6984892401896214,0.0,0,-0.9356942252024848,0.0,1
7408,0.0,0.0,0.0,0.9999999999999999,1.0,1.0252469906606678,1.0210789388278794,-0.3556202039945009,2.0,0,0.025548331341826647,1.0,0
13381,0.0,0.0,0.0,0.7647058823529412,0.7372881355932204,1.0252469906606678,1.0210789388278794,-0.3556202039945009,2.0,1,1.437986373611019,2.0,0
6674,1.0,0.0,0.0,0.05882352941176472,0.06779661016949157,1.0252469906606678,1.0210789388278794,-0.3556202039945009,2.0,0,-0.25890099661516347,1.0,0
10676,0.0,0.0,0.0,0.5882352941176471,0.6101694915254237,-0.15446315781802844,-0.18829384955230133,-0.3556202039945009,2.0,1,1.0750682655279626,2.0,0
11087,0.0,1.0,0.0,0.11764705882352944,0.09322033898305082,-0.8825951953574457,-0.758514876915882,-0.3556202039945009,2.0,0,-0.23928380158364693,1.0,0
10276,0.0,0.0,0.0,0.05882352941176472,0.0423728813559322,1.0252469906606678,1.0210789388278794,-0.3556202039945009,2.0,0,0.21191168414123399,1.0,0
4284,1.0,0.0,0.0,0.5294117647058824,0.5169491525423728,-0.8825951953574457,-1.9002885667362512,3.061639402274888,0.0,0,-0.9258856276867266,0.0,1
11753,0.0,0.0,0.0,0.9999999999999999,0.9745762711864407,1.0252469906606678,1.0210789388278794,-0.3556202039945009,2.0,1,1.1731542406855455,2.0,0
12681,0.0,1.0,0.0,0.2941176470588235,0.2627118644067796,-0.15446315781802844,-0.18829384955230133,-0.3556202039945009,2.0,1,1.124111253106754,1.0,0
22270,0.0,1.0,0.0,0.0,0.0,-0.8825951953574457,-0.758514876915882,-0.3556202039945009,2.0,1,1.5851153363473933,1.0,0
9103,0.0,0.0,0.0,0.7058823529411765,0.6864406779661016,1.0252469906606678,1.0210789388278794,-0.3556202039945009,2.0,0,-0.27851819164668007,1.0,0
3841,0.0,0.0,1.0,0.8823529411764705,0.8728813559322035,-0.15446315781802844,-0.18829384955230133,-0.3556202039945009,0.0,0,-0.9945458102970345,0.0,1
10361,0.0,0.0,0.0,0.6470588235294118,0.6610169491525424,-0.15446315781802844,-0.18829384955230133,-0.3556202039945009,2.0,1,2.320760150029264,2.0,0
10368,0.0,1.0,0.0,0.823529411764706,0.7966101694915255,1.0252469906606678,1.0210789388278794,-0.3556202039945009,2.0,1,1.8989904568516582,2.0,0
16704,0.0,1.0,0.0,0.6470588235294118,0.6610169491525424,1.0252469906606678,1.0210789388278794,-0.3556202039945009,2.0,1,1.5360723487686019,2.0,0
5073,1.0,0.0,0.0,0.17647058823529405,0.1694915254237288,1.0252469906606678,1.0210789388278794,-0.3556202039945009,1.0,0,-0.7493308724030775,1.0,0
6093,1.0,0.0,0.0,0.3529411764705882,0.3305084745762712,1.0252469906606678,1.0210789388278794,-0.3556202039945009,2.0,0,0.3198062568145751,1.0,0
7886,0.0,0.0,0.0,0.7647058823529412,0.7372881355932204,1.0252469906606678,1.0210789388278794,-0.3556202039945009,2.0,0,0.143251501530926,1.0,0
4862,1.0,0.0,0.0,0.17647058823529405,0.1694915254237288,1.0252469906606678,1.0210789388278794,-0.3556202039945009,1.0,0,-0.6414362997297364,1.0,0
3384,1.0,0.0,0.0,0.17647058823529405,0.1694915254237288,-1.8780149885508182,-0.758514876915882,-0.3556202039945009,0.0,0,-0.9945458102970345,0.0,1
4668,0.0,0.0,1.0,0.823529411764706,0.847457627118644,-0.8825951953574457,-1.9002885667362512,2.6984892401896214,0.0,0,-0.9356942252024848,0.0,1
13587,0.0,0.0,0.0,0.8823529411764705,0.8983050847457628,1.0252469906606678,1.0210789388278794,-0.3556202039945009,2.0,0,0.36884924439336647,1.0,0
12681,0.0,1.0,0.0,0.2941176470588235,0.2627118644067796,-0.15446315781802844,-0.18829384955230133,-0.3556202039945009,1.0,0,-0.5531589220879118,1.0,0
11087,0.0,1.0,0.0,0.05882352941176472,0.06779661016949157,-0.8825951953574457,-0.758514876915882,-0.3556202039945009,2.0,0,0.3001890617830585,1.0,0
9502,0.0,0.0,1.0,0.7058823529411765,0.7118644067796611,-0.15446315781802844,-0.18829384955230133,-0.3556202039945009,2.0,1,1.7812872866625589,1.0,0
9555,0.0,0.0,1.0,0.6470588235294118,0.6610169491525424,-0.15446315781802844,-0.18829384955230133,-0.3556202039945009,2.0,1,1.5556895438001184,1.0,0
10262,0.0,1.0,0.0,0.823529411764706,0.847457627118644,1.0252469906606678,1.0210789388278794,-0.3556202039945009,2.0,1,1.2712402158431282,1.0,0
5462,0.0,0.0,0.0,0.05882352941176472,0.0423728813559322,-1.8780149885508182,-0.758514876915882,-0.3556202039945009,0.0,0,-1.112248980486134,0.0,1
8601,0.0,0.0,0.0,0.17647058823529405,0.1694915254237288,1.0252469906606678,1.0210789388278794,-0.3556202039945009,2.0,0,0.005931136310310085,1.0,0
11161,0.0,0.0,0.0,0.17647058823529405,0.14406779661016955,-0.8825951953574457,-0.758514876915882,-0.3556202039945009,2.0,1,2.1245881997140987,1.0,0
13941,0.0,1.0,0.0,0.5882352941176471,0.5593220338983051,-0.15446315781802844,-0.18829384955230133,-0.3556202039945009,2.0,1,1.3399003984534361,1.0,0
7514,1.0,0.0,0.0,0.05882352941176472,0.0423728813559322,1.0252469906606678,1.0210789388278794,-0.3556202039945009,2.0,0,-0.37660416680426284,1.0,0
10493,0.0,0.0,0.0,0.17647058823529405,0.19491525423728817,-0.15446315781802844,-0.18829384955230133,-0.3556202039945009,2.0,0,-0.2000494115206138,1.0,0
3943,1.0,0.0,0.0,0.7058823529411765,0.7118644067796611,-0.8825951953574457,-1.9002885667362512,2.6984892401896214,0.0,0,-0.9356942252024848,0.0,1
5176,0.0,0.0,0.0,0.2941176470588235,0.2796610169491526,-0.8825951953574457,-1.9002885667362512,-0.3512145005915733,0.0,0,-0.9455028227182432,0.0,1
4050,0.0,1.0,0.0,0.7647058823529412,0.7796610169491525,-1.8780149885508182,-0.758514876915882,-0.3556202039945009,0.0,0,-1.1024403829703755,0.0,1
10844,0.0,1.0,0.0,0.6470588235294118,0.6610169491525424,-0.15446315781802844,-0.18829384955230133,-0.3556202039945009,2.0,1,1.2516230208116117,1.0,0
3841,0.0,0.0,1.0,0.5294117647058824,0.5338983050847457,-0.15446315781802844,-0.18829384955230133,-0.3556202039945009,0.0,0,-0.9847372127812762,0.0,1
7082,0.0,0.0,0.0,0.11764705882352944,0.11864406779661019,-1.8780149885508182,-0.758514876915882,-0.3556202039945009,0.0,0,-1.0043544078127928,0.0,1
6805,0.0,0.0,0.0,0.5882352941176471,0.5847457627118644,1.0252469906606678,1.0210789388278794,-0.3556202039945009,2.0,0,-0.37660416680426284,1.0,0
6896,1.0,0.0,0.0,0.7058823529411765,0.6864406779661016,1.0252469906606678,1.0210789388278794,-0.3556202039945009,2.0,0,-0.033303253752723035,1.0,0
8372,0.0,0.0,0.0,0.6470588235294118,0.6355932203389831,1.0252469906606678,1.0210789388278794,-0.3556202039945009,2.0,0,-0.18043221648909724,1.0,0
4991,0.0,0.0,1.0,0.5882352941176471,0.5847457627118644,-0.8825951953574457,-1.9002885667362512,2.6984892401896214,0.0,0,-0.9356942252024848,0.0,1
6795,0.0,0.0,0.0,0.9999999999999999,1.0,1.0252469906606678,1.0210789388278794,-0.3556202039945009,1.0,0,-0.5041159345091205,1.0,0
13377,0.0,0.0,0.0,0.7647058823529412,0.7796610169491525,1.0252469906606678,1.0210789388278794,-0.3556202039945009,2.0,0,-0.32756117922547145,1.0,0
17057,0.0,0.0,0.0,0.05882352941176472,0.0423728813559322,1.0252469906606678,1.0210789388278794,-0.3556202039945009,2.0,0,0.03535692885758493,1.0,0
6795,0.0,0.0,0.0,0.7647058823529412,0.7372881355932204,1.0252469906606678,1.0210789388278794,-0.3556202039945009,2.0,0,-0.3569869717727463,1.0,0
13377,0.0,0.0,0.0,0.9999999999999999,1.0,1.0252469906606678,1.0210789388278794,-0.3556202039945009,2.0,0,0.2021030866254757,1.0,0
3543,0.0,0.0,1.0,0.7058823529411765,0.6864406779661016,-1.8780149885508182,-0.758514876915882,-0.3556202039945009,0.0,0,-0.9945458102970345,0.0,1
9663,0.0,1.0,0.0,0.5882352941176471,0.5593220338983051,-0.15446315781802844,-0.18829384955230133,-0.3556202039945009,2.0,0,0.17267729407820084,1.0,0
4591,1.0,0.0,0.0,0.6470588235294118,0.6610169491525424,-0.8825951953574457,-1.9002885667362512,2.6984892401896214,0.0,0,-0.9356942252024848,0.0,1
8052,0.0,0.0,0.0,0.3529411764705882,0.3305084745762712,1.0252469906606678,1.0210789388278794,-0.3556202039945009,2.0,0,0.42770082948791616,2.0,0
6534,1.0,0.0,0.0,0.7058823529411765,0.7118644067796611,-0.15446315781802844,-0.18829384955230133,-0.3556202039945009,1.0,0,-0.6512448972454947,1.0,0
8372,0.0,0.0,0.0,0.7058823529411765,0.6864406779661016,1.0252469906606678,1.0210789388278794,-0.3556202039945009,2.0,0,0.05497412388910149,1.0,0
3210,0.0,1.0,0.0,0.6470588235294118,0.6610169491525424,-1.8780149885508182,-0.758514876915882,-0.3556202039945009,0.0,0,-1.0926317854546173,0.0,1
7690,0.0,0.0,0.0,0.6470588235294118,0.6610169491525424,1.0252469906606678,1.0210789388278794,-0.3556202039945009,2.0,0,0.6238727798030818,1.0,0
7452,0.0,0.0,0.0,0.5882352941176471,0.5593220338983051,-0.15446315781802844,-0.18829384955230133,-0.3556202039945009,2.0,0,0.05497412388910149,1.0,0
3971,0.0,0.0,1.0,0.9411764705882352,0.923728813559322,-0.8825951953574457,-1.9002885667362512,3.061639402274888,0.0,0,-0.9258856276867266,0.0,1
8610,0.0,0.0,1.0,0.2941176470588235,0.2627118644067796,-0.15446315781802844,-0.18829384955230133,-0.3556202039945009,1.0,0,-0.5139245320248788,1.0,0
6442,1.0,0.0,0.0,0.7058823529411765,0.6864406779661016,1.0252469906606678,1.0210789388278794,-0.3556202039945009,2.0,0,-0.14119782642606413,1.0,0
9296,0.0,1.0,0.0,0.23529411764705876,0.22033898305084743,1.0252469906606678,1.0210789388278794,-0.3556202039945009,2.0,1,1.3300918009376779,2.0,0
7229,0.0,1.0,0.0,0.8823529411764705,0.8983050847457628,-0.8825951953574457,-1.9002885667362512,3.061639402274888,0.0,0,-0.9258856276867266,0.0,1
4878,0.0,0.0,1.0,0.823529411764706,0.847457627118644,-0.8825951953574457,-1.9002885667362512,-0.3556202039945009,0.0,0,-0.9651200177497596,0.0,1
10261,0.0,0.0,0.0,0.7647058823529412,0.7796610169491525,1.0252469906606678,1.0210789388278794,-0.3556202039945009,2.0,0,-0.033303253752723035,1.0,0
3573,0.0,0.0,1.0,0.9411764705882352,0.923728813559322,-0.8825951953574457,-1.9002885667362512,-0.3556201875650083,0.0,0,-0.9553114202340014,0.0,1
5769,0.0,1.0,0.0,0.9999999999999999,0.9745762711864407,-0.8825951953574457,-1.9002885667362512,3.061639402274888,0.0,0,-0.9258856276867266,0.0,1
6992,0.0,1.0,0.0,0.17647058823529405,0.1694915254237288,-0.8825951953574457,-0.758514876915882,-0.3556202039945009,2.0,0,0.388466439424883,1.0,0
10368,0.0,1.0,0.0,0.823529411764706,0.847457627118644,1.0252469906606678,1.0210789388278794,-0.3556202039945009,2.0,1,1.8989904568516582,2.0,0
10844,0.0,1.0,0.0,0.823529411764706,0.847457627118644,-0.15446315781802844,-0.18829384955230133,-0.3556202039945009,2.0,1,1.7714786891468006,1.0,0
14871,1.0,0.0,0.0,0.0,0.016949152542372947,1.0252469906606678,1.0210789388278794,-0.3556202039945009,2.0,0,-0.22947520406788866,1.0,0
5117,0.0,0.0,0.0,0.2941176470588235,0.2627118644067796,1.0252469906606678,1.0210789388278794,-0.3556202039945009,2.0,0,0.6238727798030818,1.0,0
5351,0.0,0.0,1.0,0.2941176470588235,0.2627118644067796,1.0252469906606678,1.0210789388278794,-0.3556202039945009,1.0,0,-0.6512448972454947,1.0,0
9187,0.0,0.0,1.0,0.7058823529411765,0.7118644067796611,-0.15446315781802844,-0.18829384955230133,-0.3556202039945009,2.0,0,0.42770082948791616,1.0,0
14714,0.0,1.0,0.0,0.8823529411764705,0.8728813559322035,1.0252469906606678,1.0210789388278794,-0.3556202039945009,2.0,1,0.702341559929148,1.0,0
